delete from task_categories;
INSERT INTO task_categories VALUES('Home Improvement','Work related to your house');
INSERT INTO task_categories VALUES('House Cleaning','Work related to cleaning your house');
INSERT INTO task_categories VALUES('Minor Repair','Work related to Repairing things');
INSERT INTO task_categories VALUES('Furniture Assembly','Work relating to assembly of Furniture');
INSERT INTO task_categories VALUES('Moving and Packing','Work related to Moving house');
delete from users;
insert into users (email, password_hash, name, phone, is_admin) values ('kceresa0@nyu.edu', '5e884898da28047151d0e56f8dc6292773603d0d6aabbdd62a11ef721d1542d8', 'Kassi Ceresa', '95802285', false);
insert into users (email, password_hash, name, phone, is_admin) values ('kbuchan1@hugedomains.com', '5e884898da28047151d0e56f8dc6292773603d0d6aabbdd62a11ef721d1542d8', 'Kara-lynn Buchan', '95419873', false);
insert into users (email, password_hash, name, phone, is_admin) values ('jstaining2@shareasale.com', '5e884898da28047151d0e56f8dc6292773603d0d6aabbdd62a11ef721d1542d8', 'Jorgan Staining', '90813006', false);
insert into users (email, password_hash, name, phone, is_admin) values ('nadamolli3@feedburner.com', '5e884898da28047151d0e56f8dc6292773603d0d6aabbdd62a11ef721d1542d8', 'Nessie Adamolli', '94002916', true);
insert into users (email, password_hash, name, phone, is_admin) values ('koxenden4@sourceforge.net', '5e884898da28047151d0e56f8dc6292773603d0d6aabbdd62a11ef721d1542d8', 'Karly Oxenden', '98908672', false);
insert into users (email, password_hash, name, phone, is_admin) values ('asancraft5@hubpages.com', '5e884898da28047151d0e56f8dc6292773603d0d6aabbdd62a11ef721d1542d8', 'Aubine Sancraft', '95623079', false);
insert into users (email, password_hash, name, phone, is_admin) values ('mspeake6@feedburner.com', '5e884898da28047151d0e56f8dc6292773603d0d6aabbdd62a11ef721d1542d8', 'Michele Speake', '93742829', false);
insert into users (email, password_hash, name, phone, is_admin) values ('rtunnah7@smh.com.au', '5e884898da28047151d0e56f8dc6292773603d0d6aabbdd62a11ef721d1542d8', 'Riccardo Tunnah', '91908355', false);
insert into users (email, password_hash, name, phone, is_admin) values ('dgaskin8@tmall.com', '5e884898da28047151d0e56f8dc6292773603d0d6aabbdd62a11ef721d1542d8', 'Darrick Gaskin', '90228199', false);
insert into users (email, password_hash, name, phone, is_admin) values ('fvelez9@rediff.com', '5e884898da28047151d0e56f8dc6292773603d0d6aabbdd62a11ef721d1542d8', 'Fanchon Velez', '95762115', false);
insert into users (email, password_hash, name, phone, is_admin) values ('tclaffeya@nps.gov', '5e884898da28047151d0e56f8dc6292773603d0d6aabbdd62a11ef721d1542d8', 'Tammy Claffey', '98148299', false);
insert into users (email, password_hash, name, phone, is_admin) values ('maskawb@usgs.gov', '5e884898da28047151d0e56f8dc6292773603d0d6aabbdd62a11ef721d1542d8', 'Maria Askaw', '93938834', false);
insert into users (email, password_hash, name, phone, is_admin) values ('adymockec@msn.com', '5e884898da28047151d0e56f8dc6292773603d0d6aabbdd62a11ef721d1542d8', 'Abra Dymocke', '92986585', false);
insert into users (email, password_hash, name, phone, is_admin) values ('csimecekd@examiner.com', '5e884898da28047151d0e56f8dc6292773603d0d6aabbdd62a11ef721d1542d8', 'Courtnay Simecek', '97890020', false);
insert into users (email, password_hash, name, phone, is_admin) values ('eskrynee@smugmug.com', '5e884898da28047151d0e56f8dc6292773603d0d6aabbdd62a11ef721d1542d8', 'Elset Skryne', '98067175', false);
insert into users (email, password_hash, name, phone, is_admin) values ('fwaudbyf@businessinsider.com', '5e884898da28047151d0e56f8dc6292773603d0d6aabbdd62a11ef721d1542d8', 'Faina Waudby', '90331021', false);
insert into users (email, password_hash, name, phone, is_admin) values ('ahoutbieg@disqus.com', '5e884898da28047151d0e56f8dc6292773603d0d6aabbdd62a11ef721d1542d8', 'Ainslee Houtbie', '94129449', false);
insert into users (email, password_hash, name, phone, is_admin) values ('acostelloh@google.com.au', '5e884898da28047151d0e56f8dc6292773603d0d6aabbdd62a11ef721d1542d8', 'Aldus Costello', '98813413', false);
insert into users (email, password_hash, name, phone, is_admin) values ('kbrightiei@liveinternet.ru', '5e884898da28047151d0e56f8dc6292773603d0d6aabbdd62a11ef721d1542d8', 'Kelbee Brightie', '96844347', false);
insert into users (email, password_hash, name, phone, is_admin) values ('pdowbekinj@altervista.org', '5e884898da28047151d0e56f8dc6292773603d0d6aabbdd62a11ef721d1542d8', 'Philly Dowbekin', '95987037', false);

delete from tasks;

INSERT INTO tasks (id, name, owner_email, description, category, postal_code, address, start_datetime, end_datetime, suggested_price, status, bidding_deadline, datetime_updated) VALUES (4, 'mount mirror', 'nadamolli3@feedburner.com', 'help mount my new mirror on my bed room wall', 'Furniture Assembly', '752213', 'ang mo koi st11', '2017-12-13 00:29:26+08', '2017-12-17 06:07:33+08', '$60.00', 'bidding_closed', '2017-11-05 09:00:52+08', '2017-11-05 05:59:08+08');
INSERT INTO tasks (id, name, owner_email, description, category, postal_code, address, start_datetime, end_datetime, suggested_price, status, bidding_deadline, datetime_updated) VALUES (5, 'assebly my desk', 'koxenden4@sourceforge.net', 'task require knowledge on how to put together my desk estimated 2 hr', 'Furniture Assembly', '750123', 'chua chu kang vinsten', '2017-12-06 18:13:02+08', '2017-12-17 20:00:48+08', '$74.00', 'bidding_closed', '2017-11-01 14:56:42+08', '2017-11-01 06:37:08+08');
INSERT INTO tasks (id, name, owner_email, description, category, postal_code, address, start_datetime, end_datetime, suggested_price, status, bidding_deadline, datetime_updated) VALUES (51, 'Kassi Ceresa', 'kceresa0@nyu.edu', 'help redesigning my son''s room', 'Home Improvement', '760331', 'yishun street 21', '2017-11-12 13:29:40+08', '2017-12-16 11:30:58+08', '$70.00', 'assigned', '2017-11-01 19:36:40+08', '2017-11-06 00:29:38+08');
INSERT INTO tasks (id, name, owner_email, description, category, postal_code, address, start_datetime, end_datetime, suggested_price, status, bidding_deadline, datetime_updated) VALUES (129, 'repair damaged bed frame', 'koxenden4@sourceforge.net', 'bed frame is damaged need help fixing it.', 'Minor Repair', '750123', 'chua chu kang vinsten', '2017-11-15 12:50:12+08', '2017-12-17 01:06:22+08', '$34.00', 'bidding_closed', '2017-11-04 10:05:59+08', '2017-11-08 04:38:59+08');
INSERT INTO tasks (id, name, owner_email, description, category, postal_code, address, start_datetime, end_datetime, suggested_price, status, bidding_deadline, datetime_updated) VALUES (131, 'minior repair of desk', 'mspeake6@feedburner.com', 'repairing of my desk need help fixing it would expect it to finish in an hour', 'Minor Repair', '765332', 'sembawang vista', '2017-11-15 11:51:20+08', '2017-12-22 23:59:18+08', '$88.00', 'bidding_closed', '2017-11-02 16:12:19+08', '2017-11-05 05:59:02+08');
INSERT INTO tasks (id, name, owner_email, description, category, postal_code, address, start_datetime, end_datetime, suggested_price, status, bidding_deadline, datetime_updated) VALUES (133, 'repair wall', 'dgaskin8@tmall.com', 'after accidentally damaging my wall with a drill now looking for help repairing it.', 'Minor Repair', '756311', 'ang mo koi st11', '2017-11-15 06:53:36+08', '2017-12-18 01:43:47+08', '$7.00', 'assigned', '2017-11-07 19:36:11+08', '2017-11-01 20:46:06+08');
INSERT INTO tasks (id, name, owner_email, description, category, postal_code, address, start_datetime, end_datetime, suggested_price, status, bidding_deadline, datetime_updated) VALUES (128, 'repair damaged wall', 'kbuchan1@hugedomains.com', 'help repairing a hole in my wall after accidentally damaging it with a drill.', 'Minor Repair', '752213', 'ang mo koi st11', '2017-11-15 13:07:36+08', '2017-12-29 08:08:28+08', '$77.00', 'bidding_closed', '2017-11-04 14:51:09+08', '2017-11-05 09:42:13+08');
INSERT INTO tasks (id, name, owner_email, description, category, postal_code, address, start_datetime, end_datetime, suggested_price, status, bidding_deadline, datetime_updated) VALUES (1, 'building shelf', 'kceresa0@nyu.edu', 'need help building up my shelf from ikea', 'Furniture Assembly', '760331', 'yishun street 21', '2017-12-06 08:37:42+08', '2017-12-27 04:49:51+08', '$32.00', 'open', '2017-11-08 04:17:13+08', '2017-11-07 05:39:51+08');
INSERT INTO tasks (id, name, owner_email, description, category, postal_code, address, start_datetime, end_datetime, suggested_price, status, bidding_deadline, datetime_updated) VALUES (2, 'putting together computer', 'kbuchan1@hugedomains.com', 'need help putting together my computer chair', 'Furniture Assembly', '751246', 'sembawang vista', '2017-12-11 20:10:51+08', '2017-12-29 08:23:12+08', '$23.00', 'open', '2017-11-07 11:49:08+08', '2017-11-01 04:09:54+08');
INSERT INTO tasks (id, name, owner_email, description, category, postal_code, address, start_datetime, end_datetime, suggested_price, status, bidding_deadline, datetime_updated) VALUES (3, 'putting together bed frame', 'jstaining2@shareasale.com', 'task require help from a person confident on putting together my bed frame', 'Furniture Assembly', '751234', 'woodlands vista', '2017-12-05 06:41:35+08', '2017-12-22 18:59:29+08', '$84.00', 'open', '2017-11-09 09:30:15+08', '2017-11-08 13:13:03+08');
INSERT INTO tasks (id, name, owner_email, description, category, postal_code, address, start_datetime, end_datetime, suggested_price, status, bidding_deadline, datetime_updated) VALUES (6, 'building my bed', 'asancraft5@hubpages.com', 'need help building up my bed from ikea', 'Furniture Assembly', '756321', 'yishun street 21', '2017-12-08 01:26:38+08', '2017-12-18 06:40:25+08', '$99.00', 'assigned', '2017-11-01 22:11:59+08', '2017-11-02 14:38:12+08');
INSERT INTO tasks (id, name, owner_email, description, category, postal_code, address, start_datetime, end_datetime, suggested_price, status, bidding_deadline, datetime_updated) VALUES (7, 'putting together chair', 'mspeake6@feedburner.com', 'need help putting together my working chair', 'Furniture Assembly', '765332', 'sembawang vista', '2017-12-05 15:58:30+08', '2017-12-17 13:17:45+08', '$91.00', 'assigned', '2017-11-07 20:00:30+08', '2017-11-01 15:26:46+08');
INSERT INTO tasks (id, name, owner_email, description, category, postal_code, address, start_datetime, end_datetime, suggested_price, status, bidding_deadline, datetime_updated) VALUES (8, 'setup computer chair', 'rtunnah7@smh.com.au', 'looking for help to setup my newly bought computer chair', 'Furniture Assembly', '756321', 'woodlands vista', '2017-12-06 05:43:09+08', '2017-12-17 20:58:32+08', '$6.00', 'assigned', '2017-11-02 04:59:28+08', '2017-11-02 06:50:11+08');
INSERT INTO tasks (id, name, owner_email, description, category, postal_code, address, start_datetime, end_datetime, suggested_price, status, bidding_deadline, datetime_updated) VALUES (9, 'mount mirror', 'dgaskin8@tmall.com', 'help mount my new mirror on my bed room wall', 'Furniture Assembly', '756311', 'ang mo koi st11', '2017-12-05 01:51:22+08', '2017-12-21 15:02:04+08', '$100.00', 'assigned', '2017-11-06 23:31:29+08', '2017-11-06 14:45:25+08');
INSERT INTO tasks (id, name, owner_email, description, category, postal_code, address, start_datetime, end_datetime, suggested_price, status, bidding_deadline, datetime_updated) VALUES (10, 'put together a desk', 'fvelez9@rediff.com', 'task require knowledge on how to put together my desk estimated 2 hr will lean towards cheaper bids', 'Furniture Assembly', '753331', 'chua chu kang vinsten', '2017-12-02 10:47:57+08', '2017-12-28 11:22:21+08', '$25.00', 'assigned', '2017-11-09 03:46:12+08', '2017-11-08 22:57:29+08');
INSERT INTO tasks (id, name, owner_email, description, category, postal_code, address, start_datetime, end_datetime, suggested_price, status, bidding_deadline, datetime_updated) VALUES (12, 'putting together computer', 'kbuchan1@hugedomains.com', 'need help putting together my computer chair', 'Furniture Assembly', '751246', 'sembawang vista', '2017-12-01 04:46:39+08', '2017-12-18 09:54:14+08', '$38.00', 'open', '2017-11-08 01:22:24+08', '2017-11-07 13:32:51+08');
INSERT INTO tasks (id, name, owner_email, description, category, postal_code, address, start_datetime, end_datetime, suggested_price, status, bidding_deadline, datetime_updated) VALUES (15, 'assebly my desk', 'koxenden4@sourceforge.net', 'task require knowledge on how to put together my desk estimated 2 hr', 'Furniture Assembly', '750123', 'chua chu kang vinsten', '2017-11-30 11:28:55+08', '2017-12-19 09:40:46+08', '$60.00', 'open', '2017-11-09 11:18:21+08', '2017-11-05 11:53:58+08');
INSERT INTO tasks (id, name, owner_email, description, category, postal_code, address, start_datetime, end_datetime, suggested_price, status, bidding_deadline, datetime_updated) VALUES (18, 'setup computer chair', 'rtunnah7@smh.com.au', 'looking for help to setup my newly bought computer chair', 'Furniture Assembly', '756321', 'woodlands vista', '2017-12-11 01:42:23+08', '2017-12-23 21:54:57+08', '$36.00', 'open', '2017-11-06 21:27:24+08', '2017-11-03 12:03:05+08');
INSERT INTO tasks (id, name, owner_email, description, category, postal_code, address, start_datetime, end_datetime, suggested_price, status, bidding_deadline, datetime_updated) VALUES (19, 'mount mirror', 'dgaskin8@tmall.com', 'help mount my new mirror on my bed room wall', 'Furniture Assembly', '756311', 'ang mo koi st11', '2017-12-04 00:02:04+08', '2017-12-29 09:16:50+08', '$71.00', 'open', '2017-11-08 14:38:52+08', '2017-11-03 17:47:51+08');
INSERT INTO tasks (id, name, owner_email, description, category, postal_code, address, start_datetime, end_datetime, suggested_price, status, bidding_deadline, datetime_updated) VALUES (23, 'help moving package', 'jstaining2@shareasale.com', 'looking for help to carry my package for moving', 'Moving and Packing', '751234', 'woodlands vista', '2017-12-10 13:38:58+08', '2017-12-29 05:48:22+08', '$31.00', 'open', '2017-11-08 15:33:14+08', '2017-11-06 14:36:14+08');
INSERT INTO tasks (id, name, owner_email, description, category, postal_code, address, start_datetime, end_datetime, suggested_price, status, bidding_deadline, datetime_updated) VALUES (25, 'help moving 200kg worth of package', 'koxenden4@sourceforge.net', 'help carrying 200kg worth of stuff', 'Moving and Packing', '750123', 'chua chu kang vinsten', '2017-12-10 11:58:39+08', '2017-12-25 18:14:20+08', '$43.00', 'open', '2017-11-08 08:12:43+08', '2017-11-04 01:59:53+08');
INSERT INTO tasks (id, name, owner_email, description, category, postal_code, address, start_datetime, end_datetime, suggested_price, status, bidding_deadline, datetime_updated) VALUES (30, 'moving package up lorry.', 'fvelez9@rediff.com', 'help carrying 200kg worth of stuff if confident to do that much work please bid.', 'Moving and Packing', '753331', 'chua chu kang vinsten', '2017-12-09 12:54:24+08', '2017-12-31 18:24:18+08', '$32.00', 'open', '2017-11-08 00:22:40+08', '2017-11-01 21:21:50+08');
INSERT INTO tasks (id, name, owner_email, description, category, postal_code, address, start_datetime, end_datetime, suggested_price, status, bidding_deadline, datetime_updated) VALUES (34, 'help moving', 'nadamolli3@feedburner.com', 'looking for 2 people to help carry stuff', 'Moving and Packing', '752213', 'ang mo koi st11', '2017-12-07 13:52:50+08', '2017-12-30 02:07:49+08', '$54.00', 'open', '2017-11-05 18:13:35+08', '2017-11-05 21:08:23+08');
INSERT INTO tasks (id, name, owner_email, description, category, postal_code, address, start_datetime, end_datetime, suggested_price, status, bidding_deadline, datetime_updated) VALUES (35, 'help moving 200kg worth of package', 'koxenden4@sourceforge.net', 'help carrying 200kg worth of stuff', 'Moving and Packing', '750123', 'chua chu kang vinsten', '2017-12-09 17:25:02+08', '2017-12-22 20:13:36+08', '$22.00', 'open', '2017-11-06 22:18:20+08', '2017-11-04 22:35:28+08');
INSERT INTO tasks (id, name, owner_email, description, category, postal_code, address, start_datetime, end_datetime, suggested_price, status, bidding_deadline, datetime_updated) VALUES (36, 'help unpack package', 'asancraft5@hubpages.com', 'looking for help updacking all my packages will lean towards lower bids', 'Moving and Packing', '756321', 'yishun street 21', '2017-12-11 17:39:57+08', '2017-12-26 17:44:44+08', '$47.00', 'open', '2017-11-07 22:11:49+08', '2017-11-03 06:22:36+08');
INSERT INTO tasks (id, name, owner_email, description, category, postal_code, address, start_datetime, end_datetime, suggested_price, status, bidding_deadline, datetime_updated) VALUES (37, 'help moving', 'mspeake6@feedburner.com', 'task require person to be able to carry a load of 5 kg or bring another helper to do the same amount of work', 'Moving and Packing', '765332', 'sembawang vista', '2017-12-04 03:42:44+08', '2017-12-31 21:14:53+08', '$8.00', 'open', '2017-11-07 08:03:22+08', '2017-11-09 01:39:52+08');
INSERT INTO tasks (id, name, owner_email, description, category, postal_code, address, start_datetime, end_datetime, suggested_price, status, bidding_deadline, datetime_updated) VALUES (39, 'moving package', 'dgaskin8@tmall.com', 'looking for 2 people to help carry stuff into the lorry estimated 2 hr', 'Moving and Packing', '756311', 'ang mo koi st11', '2017-12-09 07:42:43+08', '2017-12-30 16:00:22+08', '$90.00', 'open', '2017-11-05 22:28:07+08', '2017-11-07 15:55:25+08');
INSERT INTO tasks (id, name, owner_email, description, category, postal_code, address, start_datetime, end_datetime, suggested_price, status, bidding_deadline, datetime_updated) VALUES (40, 'moving package up lorry.', 'fvelez9@rediff.com', 'help carrying 200kg worth of stuff if confident to do that much work please bid.', 'Moving and Packing', '753331', 'chua chu kang vinsten', '2017-12-09 03:00:49+08', '2017-12-27 17:31:10+08', '$79.00', 'open', '2017-11-09 13:58:48+08', '2017-11-02 03:58:35+08');
INSERT INTO tasks (id, name, owner_email, description, category, postal_code, address, start_datetime, end_datetime, suggested_price, status, bidding_deadline, datetime_updated) VALUES (126, 'repair of desk', 'kbuchan1@hugedomains.com', 'repairing of my desk estimated 1 hr work', 'Minor Repair', '751246', 'sembawang vista', '2017-11-14 11:46:01+08', '2017-12-31 18:04:06+08', '$44.00', 'assigned', '2017-11-06 06:35:45+08', '2017-11-01 04:00:01+08');
INSERT INTO tasks (id, name, owner_email, description, category, postal_code, address, start_datetime, end_datetime, suggested_price, status, bidding_deadline, datetime_updated) VALUES (32, 'help moving', 'kbuchan1@hugedomains.com', 'task require person to be able to carry a load of 5 kg', 'Moving and Packing', '751246', 'sembawang vista', '2017-11-04 23:22:57+08', '2017-12-21 11:22:42+08', '$34.00', 'closed', '2017-11-03 11:49:45+08', '2017-11-06 02:46:44+08');
INSERT INTO tasks (id, name, owner_email, description, category, postal_code, address, start_datetime, end_datetime, suggested_price, status, bidding_deadline, datetime_updated) VALUES (132, 'repair wall', 'rtunnah7@smh.com.au', 'looking for efficient and cheap hand to help me repair my wall', 'Minor Repair', '756321', 'woodlands vista', '2017-12-14 14:50:57+08', '2017-12-25 22:23:42+08', '$83.00', 'open', '2017-11-07 23:48:19+08', '2017-11-07 14:59:55+08');
INSERT INTO tasks (id, name, owner_email, description, category, postal_code, address, start_datetime, end_datetime, suggested_price, status, bidding_deadline, datetime_updated) VALUES (130, 'repair dining table', 'asancraft5@hubpages.com', 'This task require repairing my dining table and some other minor repairs.', 'Minor Repair', '756321', 'yishun street 21', '2017-11-29 18:49:38+08', '2017-12-29 01:36:24+08', '$54.00', 'open', '2017-11-07 14:16:14+08', '2017-11-09 06:21:11+08');
INSERT INTO tasks (id, name, owner_email, description, category, postal_code, address, start_datetime, end_datetime, suggested_price, status, bidding_deadline, datetime_updated) VALUES (120, 'building my bed', 'asancraft5@hubpages.com', 'need help building up my bed from ikea', 'Furniture Assembly', '756321', 'yishun street 21', '2017-11-29 18:49:38+08', '2017-12-22 08:01:49+08', '$3.00', 'bidding_closed', '2017-11-04 01:04:37+08', '2017-11-09 11:37:02+08');
INSERT INTO tasks (id, name, owner_email, description, category, postal_code, address, start_datetime, end_datetime, suggested_price, status, bidding_deadline, datetime_updated) VALUES (42, 'Kara-lynn Buchan', 'kbuchan1@hugedomains.com', 'looking for skillful hand to help me mount my new tv on my wall', 'Home Improvement', '751246', 'sembawang vista', '2017-12-06 16:03:41+08', '2017-12-15 09:31:46+08', '$60.00', 'open', '2017-11-06 05:12:48+08', '2017-11-09 14:55:36+08');
INSERT INTO tasks (id, name, owner_email, description, category, postal_code, address, start_datetime, end_datetime, suggested_price, status, bidding_deadline, datetime_updated) VALUES (44, 'Nessie Adamolli', 'nadamolli3@feedburner.com', 'looking for people with right skillset to enquire about home improvement will lean towards with better rating', 'Home Improvement', '752213', 'ang mo koi st11', '2017-12-01 17:04:55+08', '2017-12-26 07:27:01+08', '$88.00', 'open', '2017-11-07 02:14:26+08', '2017-11-07 11:08:05+08');
INSERT INTO tasks (id, name, owner_email, description, category, postal_code, address, start_datetime, end_datetime, suggested_price, status, bidding_deadline, datetime_updated) VALUES (122, 'setup computer chair', 'rtunnah7@smh.com.au', 'looking for help to setup my newly bought computer chair', 'Furniture Assembly', '756321', 'woodlands vista', '2017-11-29 18:49:38+08', '2017-12-27 04:23:36+08', '$46.00', 'assigned', '2017-11-04 22:45:59+08', '2017-11-07 19:26:20+08');
INSERT INTO tasks (id, name, owner_email, description, category, postal_code, address, start_datetime, end_datetime, suggested_price, status, bidding_deadline, datetime_updated) VALUES (47, 'Michele Speake', 'mspeake6@feedburner.com', 'help break down my kitchen safetly requrement: knowledge in the field', 'Home Improvement', '765332', 'sembawang vista', '2017-12-04 02:27:07+08', '2017-12-23 11:37:02+08', '$98.00', 'open', '2017-11-07 22:10:52+08', '2017-11-01 14:03:55+08');
INSERT INTO tasks (id, name, owner_email, description, category, postal_code, address, start_datetime, end_datetime, suggested_price, status, bidding_deadline, datetime_updated) VALUES (49, 'Darrick Gaskin', 'dgaskin8@tmall.com', 'help design my office estimated time 2hr', 'Home Improvement', '756311', 'ang mo koi st11', '2017-12-12 07:45:03+08', '2017-12-19 05:18:38+08', '$43.00', 'open', '2017-11-08 00:33:38+08', '2017-11-05 10:01:40+08');
INSERT INTO tasks (id, name, owner_email, description, category, postal_code, address, start_datetime, end_datetime, suggested_price, status, bidding_deadline, datetime_updated) VALUES (52, 'Kara-lynn Buchan', 'kbuchan1@hugedomains.com', 'help break down my wall safetly requrement: knowledge in the field', 'Home Improvement', '751246', 'sembawang vista', '2017-12-02 06:26:54+08', '2017-12-15 11:55:17+08', '$5.00', 'open', '2017-11-07 19:06:38+08', '2017-11-04 17:01:07+08');
INSERT INTO tasks (id, name, owner_email, description, category, postal_code, address, start_datetime, end_datetime, suggested_price, status, bidding_deadline, datetime_updated) VALUES (53, 'Jorgan Staining', 'jstaining2@shareasale.com', 'looking for skillful hand to help me mount my new tv on my wall', 'Home Improvement', '751234', 'woodlands vista', '2017-12-11 10:34:06+08', '2017-12-23 06:49:04+08', '$42.00', 'open', '2017-11-08 10:57:20+08', '2017-11-03 13:18:43+08');
INSERT INTO tasks (id, name, owner_email, description, category, postal_code, address, start_datetime, end_datetime, suggested_price, status, bidding_deadline, datetime_updated) VALUES (54, 'Nessie Adamolli', 'nadamolli3@feedburner.com', 'help design my room estimated time 2hr', 'Home Improvement', '752213', 'ang mo koi st11', '2017-12-12 12:37:10+08', '2017-12-17 13:27:58+08', '$77.00', 'open', '2017-11-06 05:23:26+08', '2017-11-08 20:08:42+08');
INSERT INTO tasks (id, name, owner_email, description, category, postal_code, address, start_datetime, end_datetime, suggested_price, status, bidding_deadline, datetime_updated) VALUES (57, 'Michele Speake', 'mspeake6@feedburner.com', 'looking for skillful hand to help me mount my new tv on my wall estimated 3o min work', 'Home Improvement', '765332', 'sembawang vista', '2017-12-12 20:40:28+08', '2017-12-31 05:47:29+08', '$75.00', 'open', '2017-11-06 17:22:52+08', '2017-11-01 11:35:00+08');
INSERT INTO tasks (id, name, owner_email, description, category, postal_code, address, start_datetime, end_datetime, suggested_price, status, bidding_deadline, datetime_updated) VALUES (61, 'clean room', 'kceresa0@nyu.edu', 'help clean my son''s room on friday cheapest will win.', 'House Cleaning', '760331', 'yishun street 21', '2017-12-03 17:41:17+08', '2017-12-19 21:38:34+08', '$1.00', 'open', '2017-11-09 15:54:27+08', '2017-11-02 04:01:35+08');
INSERT INTO tasks (id, name, owner_email, description, category, postal_code, address, start_datetime, end_datetime, suggested_price, status, bidding_deadline, datetime_updated) VALUES (62, 'house cleaning', 'kbuchan1@hugedomains.com', 'house cleaning help required just move into my new house need an extra hand.', 'House Cleaning', '751246', 'sembawang vista', '2017-11-30 09:20:03+08', '2017-12-31 14:29:06+08', '$52.00', 'open', '2017-11-07 17:20:20+08', '2017-11-08 00:09:37+08');
INSERT INTO tasks (id, name, owner_email, description, category, postal_code, address, start_datetime, end_datetime, suggested_price, status, bidding_deadline, datetime_updated) VALUES (63, 'clean old house', 'jstaining2@shareasale.com', 'need help cleaning my old house so i can rent it out', 'House Cleaning', '751234', 'woodlands vista', '2017-12-02 23:19:10+08', '2017-12-27 03:20:26+08', '$26.00', 'open', '2017-11-07 14:38:34+08', '2017-11-03 14:49:40+08');
INSERT INTO tasks (id, name, owner_email, description, category, postal_code, address, start_datetime, end_datetime, suggested_price, status, bidding_deadline, datetime_updated) VALUES (65, 'full house cleaning', 'koxenden4@sourceforge.net', 'Full house cleaning for house warming party.', 'House Cleaning', '750123', 'chua chu kang vinsten', '2017-12-09 07:11:36+08', '2017-12-26 23:39:00+08', '$72.00', 'open', '2017-11-07 00:30:43+08', '2017-11-09 19:01:31+08');
INSERT INTO tasks (id, name, owner_email, description, category, postal_code, address, start_datetime, end_datetime, suggested_price, status, bidding_deadline, datetime_updated) VALUES (66, 'clean storage area', 'asancraft5@hubpages.com', 'help clean my storage area will lean towards lower bids. Expected 2hr work load', 'House Cleaning', '756321', 'yishun street 21', '2017-12-10 02:08:06+08', '2017-12-29 19:05:01+08', '$14.00', 'open', '2017-11-09 12:34:57+08', '2017-11-06 00:59:58+08');
INSERT INTO tasks (id, name, owner_email, description, category, postal_code, address, start_datetime, end_datetime, suggested_price, status, bidding_deadline, datetime_updated) VALUES (67, 'clean new house', 'mspeake6@feedburner.com', 'Expected 3 hr to help clean help required just move into my new house need an extra hand.', 'House Cleaning', '765332', 'sembawang vista', '2017-12-05 05:29:47+08', '2017-12-18 04:11:57+08', '$67.00', 'open', '2017-11-07 08:53:41+08', '2017-11-03 14:09:01+08');
INSERT INTO tasks (id, name, owner_email, description, category, postal_code, address, start_datetime, end_datetime, suggested_price, status, bidding_deadline, datetime_updated) VALUES (68, 'house cleaning after party', 'rtunnah7@smh.com.au', 'need help cleaning my house after a party', 'House Cleaning', '756321', 'woodlands vista', '2017-12-03 19:17:10+08', '2017-12-20 21:03:13+08', '$80.00', 'open', '2017-11-07 18:40:55+08', '2017-11-09 00:16:53+08');
INSERT INTO tasks (id, name, owner_email, description, category, postal_code, address, start_datetime, end_datetime, suggested_price, status, bidding_deadline, datetime_updated) VALUES (69, 'house cleaning', 'dgaskin8@tmall.com', 'looking for someone with the right skillset for efficient cleaning with the right price expected 2 hr to complete.', 'House Cleaning', '756311', 'ang mo koi st11', '2017-12-04 14:38:38+08', '2017-12-29 00:41:57+08', '$85.00', 'open', '2017-11-05 20:46:02+08', '2017-11-01 19:08:44+08');
INSERT INTO tasks (id, name, owner_email, description, category, postal_code, address, start_datetime, end_datetime, suggested_price, status, bidding_deadline, datetime_updated) VALUES (71, 'clean room', 'kceresa0@nyu.edu', 'help clean my son''s room on friday cheapest will win.', 'House Cleaning', '760331', 'yishun street 21', '2017-12-06 23:20:38+08', '2017-12-29 13:22:35+08', '$88.00', 'open', '2017-11-07 01:31:05+08', '2017-11-03 15:30:53+08');
INSERT INTO tasks (id, name, owner_email, description, category, postal_code, address, start_datetime, end_datetime, suggested_price, status, bidding_deadline, datetime_updated) VALUES (72, 'house cleaning', 'kbuchan1@hugedomains.com', 'house cleaning help required just move into my new house need an extra hand.', 'House Cleaning', '751246', 'sembawang vista', '2017-11-30 07:49:56+08', '2017-12-26 02:40:34+08', '$9.00', 'open', '2017-11-08 21:13:15+08', '2017-11-02 16:24:34+08');
INSERT INTO tasks (id, name, owner_email, description, category, postal_code, address, start_datetime, end_datetime, suggested_price, status, bidding_deadline, datetime_updated) VALUES (73, 'clean old house', 'jstaining2@shareasale.com', 'need help cleaning my old house so i can rent it out', 'House Cleaning', '751234', 'woodlands vista', '2017-12-10 15:48:40+08', '2017-12-29 09:57:53+08', '$98.00', 'open', '2017-11-06 09:37:58+08', '2017-11-02 01:34:43+08');
INSERT INTO tasks (id, name, owner_email, description, category, postal_code, address, start_datetime, end_datetime, suggested_price, status, bidding_deadline, datetime_updated) VALUES (74, 'efficient cleaning cheap price', 'nadamolli3@feedburner.com', 'looking for someone with the right skillset for efficient cleaning with the right price', 'House Cleaning', '752213', 'ang mo koi st11', '2017-12-07 16:22:14+08', '2017-12-26 18:30:00+08', '$87.00', 'open', '2017-11-08 21:40:44+08', '2017-11-09 10:22:18+08');
INSERT INTO tasks (id, name, owner_email, description, category, postal_code, address, start_datetime, end_datetime, suggested_price, status, bidding_deadline, datetime_updated) VALUES (76, 'clean storage area', 'asancraft5@hubpages.com', 'help clean my storage area will lean towards lower bids. Expected 2hr work load', 'House Cleaning', '756321', 'yishun street 21', '2017-12-02 20:40:30+08', '2017-12-16 08:00:47+08', '$73.00', 'open', '2017-11-09 01:51:28+08', '2017-11-08 12:51:34+08');
INSERT INTO tasks (id, name, owner_email, description, category, postal_code, address, start_datetime, end_datetime, suggested_price, status, bidding_deadline, datetime_updated) VALUES (121, 'putting together chair', 'mspeake6@feedburner.com', 'need help putting together my working chair', 'Furniture Assembly', '765332', 'sembawang vista', '2017-11-29 18:49:38+08', '2017-12-24 10:38:44+08', '$93.00', 'bidding_closed', '2017-11-04 12:33:51+08', '2017-11-08 21:41:55+08');
INSERT INTO tasks (id, name, owner_email, description, category, postal_code, address, start_datetime, end_datetime, suggested_price, status, bidding_deadline, datetime_updated) VALUES (21, 'help unpack', 'kceresa0@nyu.edu', 'looking for help updacking all my packages', 'Moving and Packing', '760331', 'yishun street 21', '2017-11-10 23:12:55+08', '2017-12-04 11:55:34+08', '$97.00', 'assigned', '2017-11-02 06:08:00+08', '2017-11-08 00:18:07+08');
INSERT INTO tasks (id, name, owner_email, description, category, postal_code, address, start_datetime, end_datetime, suggested_price, status, bidding_deadline, datetime_updated) VALUES (84, 'repair damaged wall', 'nadamolli3@feedburner.com', 'help repairing a hole in my wall after accidentally damaging it with a drill.', 'Minor Repair', '752213', 'ang mo koi st11', '2017-12-03 08:35:16+08', '2017-12-15 08:25:58+08', '$55.00', 'open', '2017-11-08 22:41:03+08', '2017-11-05 17:37:42+08');
INSERT INTO tasks (id, name, owner_email, description, category, postal_code, address, start_datetime, end_datetime, suggested_price, status, bidding_deadline, datetime_updated) VALUES (88, 'repair wall', 'rtunnah7@smh.com.au', 'looking for efficient and cheap hand to help me repair my wall', 'Minor Repair', '756321', 'woodlands vista', '2017-12-03 00:51:51+08', '2017-12-25 19:01:08+08', '$26.00', 'open', '2017-11-06 07:26:26+08', '2017-11-06 22:45:41+08');
INSERT INTO tasks (id, name, owner_email, description, category, postal_code, address, start_datetime, end_datetime, suggested_price, status, bidding_deadline, datetime_updated) VALUES (89, 'repair wall', 'dgaskin8@tmall.com', 'after accidentally damaging my wall with a drill now looking for help repairing it.', 'Minor Repair', '756311', 'ang mo koi st11', '2017-12-12 19:12:44+08', '2017-12-16 10:07:43+08', '$18.00', 'open', '2017-11-09 01:17:32+08', '2017-11-08 10:14:06+08');
INSERT INTO tasks (id, name, owner_email, description, category, postal_code, address, start_datetime, end_datetime, suggested_price, status, bidding_deadline, datetime_updated) VALUES (90, 'minior repair of bed frame', 'fvelez9@rediff.com', 'bed frame is damaged need help fixing it.', 'Minor Repair', '753331', 'chua chu kang vinsten', '2017-12-06 07:53:44+08', '2017-12-26 22:24:31+08', '$21.00', 'open', '2017-11-06 03:14:45+08', '2017-11-04 07:42:52+08');
INSERT INTO tasks (id, name, owner_email, description, category, postal_code, address, start_datetime, end_datetime, suggested_price, status, bidding_deadline, datetime_updated) VALUES (91, 'minor repair of table', 'kceresa0@nyu.edu', 'the task require an estimated 2hr work of repairing my dining table.', 'Minor Repair', '760331', 'yishun street 21', '2017-12-13 19:00:19+08', '2017-12-28 03:54:06+08', '$40.00', 'open', '2017-11-07 20:35:00+08', '2017-11-06 15:18:55+08');
INSERT INTO tasks (id, name, owner_email, description, category, postal_code, address, start_datetime, end_datetime, suggested_price, status, bidding_deadline, datetime_updated) VALUES (92, 'repair of desk', 'kbuchan1@hugedomains.com', 'repairing of my desk estimated 1 hr work', 'Minor Repair', '751246', 'sembawang vista', '2017-12-05 06:12:03+08', '2017-12-20 19:13:10+08', '$36.00', 'open', '2017-11-09 06:59:24+08', '2017-11-03 05:23:08+08');
INSERT INTO tasks (id, name, owner_email, description, category, postal_code, address, start_datetime, end_datetime, suggested_price, status, bidding_deadline, datetime_updated) VALUES (95, 'repair damaged bed frame', 'koxenden4@sourceforge.net', 'bed frame is damaged need help fixing it.', 'Minor Repair', '750123', 'chua chu kang vinsten', '2017-12-03 10:22:19+08', '2017-12-17 10:12:42+08', '$20.00', 'open', '2017-11-06 10:22:39+08', '2017-11-02 10:28:50+08');
INSERT INTO tasks (id, name, owner_email, description, category, postal_code, address, start_datetime, end_datetime, suggested_price, status, bidding_deadline, datetime_updated) VALUES (142, 'help moving package', 'rtunnah7@smh.com.au', 'looking for help to carry my package for moving will take an estimated 3hr max', 'Moving and Packing', '756321', 'woodlands vista', '2017-12-11 09:08:35+08', '2017-12-20 23:17:32+08', '$88.00', 'assigned', '2017-11-07 21:12:22+08', '2017-11-01 18:33:17+08');
INSERT INTO tasks (id, name, owner_email, description, category, postal_code, address, start_datetime, end_datetime, suggested_price, status, bidding_deadline, datetime_updated) VALUES (97, 'minior repair of desk', 'mspeake6@feedburner.com', 'repairing of my desk need help fixing it would expect it to finish in an hour', 'Minor Repair', '765332', 'sembawang vista', '2017-12-11 07:25:40+08', '2017-12-25 05:18:03+08', '$45.00', 'open', '2017-11-06 21:16:49+08', '2017-11-03 22:47:50+08');
INSERT INTO tasks (id, name, owner_email, description, category, postal_code, address, start_datetime, end_datetime, suggested_price, status, bidding_deadline, datetime_updated) VALUES (70, 'full house cleaning', 'fvelez9@rediff.com', 'Full house cleaning for house warming party. Expect to finish in 2 hr.', 'House Cleaning', '753331', 'chua chu kang vinsten', '2017-11-10 23:12:55+08', '2017-12-18 16:33:18+08', '$59.00', 'assigned', '2017-11-01 04:24:09+08', '2017-11-09 15:15:20+08');
INSERT INTO tasks (id, name, owner_email, description, category, postal_code, address, start_datetime, end_datetime, suggested_price, status, bidding_deadline, datetime_updated) VALUES (146, 'help moving', 'kbuchan1@hugedomains.com', 'task require person to be able to carry a load of 5 kg', 'Moving and Packing', '751246', 'sembawang vista', '2017-12-12 22:02:15+08', '2017-12-30 16:00:38+08', '$61.00', 'assigned', '2017-11-06 02:41:43+08', '2017-11-08 04:55:21+08');
INSERT INTO tasks (id, name, owner_email, description, category, postal_code, address, start_datetime, end_datetime, suggested_price, status, bidding_deadline, datetime_updated) VALUES (136, 'help moving', 'kbuchan1@hugedomains.com', 'task require person to be able to carry a load of 5 kg', 'Moving and Packing', '751246', 'sembawang vista', '2017-11-30 23:00:24+08', '2017-12-28 23:49:44+08', '$46.00', 'assigned', '2017-11-07 02:00:12+08', '2017-11-08 12:51:41+08');
INSERT INTO tasks (id, name, owner_email, description, category, postal_code, address, start_datetime, end_datetime, suggested_price, status, bidding_deadline, datetime_updated) VALUES (137, 'help moving package', 'jstaining2@shareasale.com', 'looking for help to carry my package for moving', 'Moving and Packing', '751234', 'woodlands vista', '2017-12-02 20:34:31+08', '2017-12-22 16:10:08+08', '$44.00', 'bidding_closed', '2017-11-08 12:28:43+08', '2017-11-08 12:14:58+08');
INSERT INTO tasks (id, name, owner_email, description, category, postal_code, address, start_datetime, end_datetime, suggested_price, status, bidding_deadline, datetime_updated) VALUES (138, 'help moving', 'nadamolli3@feedburner.com', 'looking for 2 people to help carry stuff', 'Moving and Packing', '752213', 'ang mo koi st11', '2017-12-02 00:53:43+08', '2017-12-26 00:23:05+08', '$77.00', 'bidding_closed', '2017-11-09 22:28:52+08', '2017-11-09 13:26:54+08');
INSERT INTO tasks (id, name, owner_email, description, category, postal_code, address, start_datetime, end_datetime, suggested_price, status, bidding_deadline, datetime_updated) VALUES (140, 'help unpack package', 'asancraft5@hubpages.com', 'looking for help updacking all my packages will lean towards lower bids', 'Moving and Packing', '756321', 'yishun street 21', '2017-12-13 18:48:55+08', '2017-12-16 14:39:35+08', '$40.00', 'assigned', '2017-11-09 15:59:25+08', '2017-11-02 13:00:01+08');
INSERT INTO tasks (id, name, owner_email, description, category, postal_code, address, start_datetime, end_datetime, suggested_price, status, bidding_deadline, datetime_updated) VALUES (141, 'help moving', 'mspeake6@feedburner.com', 'task require person to be able to carry a load of 5 kg or bring another helper to do the same amount of work', 'Moving and Packing', '765332', 'sembawang vista', '2017-12-13 02:36:35+08', '2017-12-31 19:04:59+08', '$4.00', 'bidding_closed', '2017-11-08 08:12:24+08', '2017-11-04 11:33:38+08');
INSERT INTO tasks (id, name, owner_email, description, category, postal_code, address, start_datetime, end_datetime, suggested_price, status, bidding_deadline, datetime_updated) VALUES (144, 'moving package up lorry.', 'fvelez9@rediff.com', 'help carrying 200kg worth of stuff if confident to do that much work please bid.', 'Moving and Packing', '753331', 'chua chu kang vinsten', '2017-12-05 05:59:17+08', '2017-12-26 11:45:06+08', '$83.00', 'assigned', '2017-11-07 20:38:50+08', '2017-11-09 12:10:33+08');
INSERT INTO tasks (id, name, owner_email, description, category, postal_code, address, start_datetime, end_datetime, suggested_price, status, bidding_deadline, datetime_updated) VALUES (43, 'Jorgan Staining', 'jstaining2@shareasale.com', 'help design my room estimated time 2hr', 'Home Improvement', '751234', 'woodlands vista', '2017-11-03 15:16:58+08', '2017-12-17 10:00:14+08', '$68.00', 'closed', '2017-11-02 18:28:03+08', '2017-11-08 07:35:27+08');
INSERT INTO tasks (id, name, owner_email, description, category, postal_code, address, start_datetime, end_datetime, suggested_price, status, bidding_deadline, datetime_updated) VALUES (22, 'help moving', 'kbuchan1@hugedomains.com', 'task require person to be able to carry a load of 5 kg', 'Moving and Packing', '751246', 'sembawang vista', '2017-11-10 23:12:55+08', '2017-12-04 08:27:30+08', '$7.00', 'assigned', '2017-11-03 20:53:56+08', '2017-11-07 20:06:54+08');
INSERT INTO tasks (id, name, owner_email, description, category, postal_code, address, start_datetime, end_datetime, suggested_price, status, bidding_deadline, datetime_updated) VALUES (50, 'Fanchon Velez', 'fvelez9@rediff.com', 'looking for people with right skillset to enquire about home improvement will lean towards with better rating', 'Home Improvement', '753331', 'chua chu kang vinsten', '2017-11-04 22:51:07+08', '2017-12-25 02:28:36+08', '$53.00', 'closed', '2017-11-02 18:18:54+08', '2017-11-08 16:43:02+08');
INSERT INTO tasks (id, name, owner_email, description, category, postal_code, address, start_datetime, end_datetime, suggested_price, status, bidding_deadline, datetime_updated) VALUES (101, 'building shelf', 'kceresa0@nyu.edu', 'need help building up my shelf from ikea', 'Furniture Assembly', '760331', 'yishun street 21', '2017-11-30 00:00:00+08', '2017-12-22 04:45:01+08', '$2.00', 'assigned', '2017-10-04 00:00:00+08', '2017-11-02 01:08:28+08');
INSERT INTO tasks (id, name, owner_email, description, category, postal_code, address, start_datetime, end_datetime, suggested_price, status, bidding_deadline, datetime_updated) VALUES (24, 'help moving', 'nadamolli3@feedburner.com', 'looking for 2 people to help carry stuff', 'Moving and Packing', '752213', 'ang mo koi st11', '2017-11-10 23:12:55+08', '2017-12-22 21:36:54+08', '$100.00', 'bidding_closed', '2017-11-02 17:10:20+08', '2017-11-03 18:10:08+08');
INSERT INTO tasks (id, name, owner_email, description, category, postal_code, address, start_datetime, end_datetime, suggested_price, status, bidding_deadline, datetime_updated) VALUES (26, 'help unpack package', 'asancraft5@hubpages.com', 'looking for help updacking all my packages will lean towards lower bids', 'Moving and Packing', '756321', 'yishun street 21', '2017-11-05 23:12:55+08', '2017-12-21 14:57:26+08', '$8.00', 'bidding_closed', '2017-11-01 15:34:15+08', '2017-11-02 02:07:35+08');
INSERT INTO tasks (id, name, owner_email, description, category, postal_code, address, start_datetime, end_datetime, suggested_price, status, bidding_deadline, datetime_updated) VALUES (56, 'Aubine Sancraft', 'asancraft5@hubpages.com', 'help redesigning my daughter''s room', 'Home Improvement', '756321', 'yishun street 21', '2017-11-06 03:47:03+08', '2017-12-20 15:19:13+08', '$2.00', 'bidding_closed', '2017-11-03 07:15:03+08', '2017-11-07 19:17:52+08');
INSERT INTO tasks (id, name, owner_email, description, category, postal_code, address, start_datetime, end_datetime, suggested_price, status, bidding_deadline, datetime_updated) VALUES (64, 'efficient cleaning cheap price', 'nadamolli3@feedburner.com', 'looking for someone with the right skillset for efficient cleaning with the right price', 'House Cleaning', '752213', 'ang mo koi st11', '2017-11-10 23:12:55+08', '2017-12-30 00:20:24+08', '$45.00', 'bidding_closed', '2017-11-03 15:29:03+08', '2017-11-06 10:45:01+08');
INSERT INTO tasks (id, name, owner_email, description, category, postal_code, address, start_datetime, end_datetime, suggested_price, status, bidding_deadline, datetime_updated) VALUES (75, 'full house cleaning', 'koxenden4@sourceforge.net', 'Full house cleaning for house warming party.', 'House Cleaning', '750123', 'chua chu kang vinsten', '2017-11-10 23:12:55+08', '2017-12-29 17:17:23+08', '$55.00', 'closed', '2017-11-03 18:51:41+08', '2017-11-08 10:58:01+08');
INSERT INTO tasks (id, name, owner_email, description, category, postal_code, address, start_datetime, end_datetime, suggested_price, status, bidding_deadline, datetime_updated) VALUES (148, 'help moving', 'nadamolli3@feedburner.com', 'looking for 2 people to help carry stuff', 'Moving and Packing', '752213', 'ang mo koi st11', '2017-11-30 05:13:38+08', '2017-12-17 06:54:08+08', '$20.00', 'assigned', '2017-11-05 19:36:56+08', '2017-11-01 06:57:45+08');
INSERT INTO tasks (id, name, owner_email, description, category, postal_code, address, start_datetime, end_datetime, suggested_price, status, bidding_deadline, datetime_updated) VALUES (149, 'help moving 200kg worth of package', 'koxenden4@sourceforge.net', 'help carrying 200kg worth of stuff', 'Moving and Packing', '750123', 'chua chu kang vinsten', '2017-12-06 14:54:41+08', '2017-12-24 01:56:48+08', '$46.00', 'bidding_closed', '2017-11-08 16:22:23+08', '2017-11-01 02:04:26+08');
INSERT INTO tasks (id, name, owner_email, description, category, postal_code, address, start_datetime, end_datetime, suggested_price, status, bidding_deadline, datetime_updated) VALUES (152, 'help moving package', 'rtunnah7@smh.com.au', 'looking for help to carry my package for moving will take an estimated 3hr max', 'Moving and Packing', '756321', 'woodlands vista', '2017-12-10 22:06:14+08', '2017-12-23 08:14:11+08', '$80.00', 'assigned', '2017-11-08 23:49:36+08', '2017-11-05 09:39:45+08');
INSERT INTO tasks (id, name, owner_email, description, category, postal_code, address, start_datetime, end_datetime, suggested_price, status, bidding_deadline, datetime_updated) VALUES (153, 'moving package', 'dgaskin8@tmall.com', 'looking for 2 people to help carry stuff into the lorry estimated 2 hr', 'Moving and Packing', '756311', 'ang mo koi st11', '2017-12-01 19:22:23+08', '2017-12-15 20:29:18+08', '$88.00', 'assigned', '2017-11-06 11:33:13+08', '2017-11-04 21:11:39+08');
INSERT INTO tasks (id, name, owner_email, description, category, postal_code, address, start_datetime, end_datetime, suggested_price, status, bidding_deadline, datetime_updated) VALUES (100, 'minior repair of bed frame', 'fvelez9@rediff.com', 'bed frame is damaged need help fixing it.', 'Minor Repair', '753331', 'chua chu kang vinsten', '2017-11-30 23:30:41+08', '2017-12-21 05:06:50+08', '$6.00', 'closed', '2017-11-05 09:09:22+08', '2017-11-06 09:27:06+08');
INSERT INTO tasks (id, name, owner_email, description, category, postal_code, address, start_datetime, end_datetime, suggested_price, status, bidding_deadline, datetime_updated) VALUES (150, 'help unpack package', 'asancraft5@hubpages.com', 'looking for help updacking all my packages will lean towards lower bids', 'Moving and Packing', '756321', 'yishun street 21', '2017-12-09 08:56:40+08', '2017-12-21 03:45:50+08', '$66.00', 'assigned', '2017-11-08 15:17:57+08', '2017-11-02 00:09:12+08');
INSERT INTO tasks (id, name, owner_email, description, category, postal_code, address, start_datetime, end_datetime, suggested_price, status, bidding_deadline, datetime_updated) VALUES (145, 'help unpack', 'kceresa0@nyu.edu', 'looking for help updacking all my packages', 'Moving and Packing', '760331', 'yishun street 21', '2017-12-08 21:25:13+08', '2017-12-26 07:20:04+08', '$28.00', 'assigned', '2017-11-05 19:31:00+08', '2017-11-02 18:28:47+08');
INSERT INTO tasks (id, name, owner_email, description, category, postal_code, address, start_datetime, end_datetime, suggested_price, status, bidding_deadline, datetime_updated) VALUES (33, 'help moving package', 'jstaining2@shareasale.com', 'looking for help to carry my package for moving', 'Moving and Packing', '751234', 'woodlands vista', '2017-11-05 23:12:55+08', '2017-12-20 00:39:16+08', '$92.00', 'bidding_closed', '2017-11-03 14:46:07+08', '2017-11-04 18:32:41+08');
INSERT INTO tasks (id, name, owner_email, description, category, postal_code, address, start_datetime, end_datetime, suggested_price, status, bidding_deadline, datetime_updated) VALUES (46, 'Aubine Sancraft', 'asancraft5@hubpages.com', 'looking for skillful hand to help me mount my new tv on my wall estimated 3o min work', 'Home Improvement', '756321', 'yishun street 21', '2017-11-05 19:17:36+08', '2017-12-20 23:19:38+08', '$96.00', 'bidding_closed', '2017-11-04 02:44:04+08', '2017-11-01 19:51:12+08');
INSERT INTO tasks (id, name, owner_email, description, category, postal_code, address, start_datetime, end_datetime, suggested_price, status, bidding_deadline, datetime_updated) VALUES (94, 'repair damaged wall', 'nadamolli3@feedburner.com', 'help repairing a hole in my wall after accidentally damaging it with a drill.', 'Minor Repair', '752213', 'ang mo koi st11', '2017-11-06 04:13:55+08', '2017-12-15 12:19:15+08', '$20.00', 'closed', '2017-11-04 10:48:40+08', '2017-11-04 22:39:35+08');
INSERT INTO tasks (id, name, owner_email, description, category, postal_code, address, start_datetime, end_datetime, suggested_price, status, bidding_deadline, datetime_updated) VALUES (93, 'repair laptop', 'jstaining2@shareasale.com', 'looking for efficient and cheap hand to help me repair my laptop', 'Minor Repair', '751234', 'woodlands vista', '2017-11-05 04:27:48+08', '2017-12-22 10:35:07+08', '$1.00', 'closed', '2017-11-04 11:17:18+08', '2017-11-06 22:36:24+08');
INSERT INTO tasks (id, name, owner_email, description, category, postal_code, address, start_datetime, end_datetime, suggested_price, status, bidding_deadline, datetime_updated) VALUES (96, 'repair dining table', 'asancraft5@hubpages.com', 'This task require repairing my dining table and some other minor repairs.', 'Minor Repair', '756321', 'yishun street 21', '2017-10-09 18:11:21+08', '2017-12-18 21:35:00+08', '$86.00', 'closed', '2017-10-01 20:48:44+08', '2017-11-04 12:41:40+08');
INSERT INTO tasks (id, name, owner_email, description, category, postal_code, address, start_datetime, end_datetime, suggested_price, status, bidding_deadline, datetime_updated) VALUES (98, 'repair wall', 'rtunnah7@smh.com.au', 'looking for efficient and cheap hand to help me repair my wall', 'Minor Repair', '756321', 'woodlands vista', '2017-11-04 19:33:12+08', '2017-12-31 23:34:04+08', '$96.00', 'closed', '2017-11-03 17:26:15+08', '2017-11-09 17:33:15+08');
INSERT INTO tasks (id, name, owner_email, description, category, postal_code, address, start_datetime, end_datetime, suggested_price, status, bidding_deadline, datetime_updated) VALUES (113, 'mount mirror', 'dgaskin8@tmall.com', 'help mount my new mirror on my bed room wall', 'Furniture Assembly', '756311', 'ang mo koi st11', '2017-11-11 21:24:19+08', '2017-12-16 06:03:45+08', '$42.00', 'assigned', '2017-11-02 07:04:40+08', '2017-11-05 03:18:41+08');
INSERT INTO tasks (id, name, owner_email, description, category, postal_code, address, start_datetime, end_datetime, suggested_price, status, bidding_deadline, datetime_updated) VALUES (154, 'moving package up lorry.', 'fvelez9@rediff.com', 'help carrying 200kg worth of stuff if confident to do that much work please bid.', 'Moving and Packing', '753331', 'chua chu kang vinsten', '2017-12-03 06:00:40+08', '2017-12-29 21:01:28+08', '$85.00', 'assigned', '2017-11-06 09:51:43+08', '2017-11-01 17:12:30+08');
INSERT INTO tasks (id, name, owner_email, description, category, postal_code, address, start_datetime, end_datetime, suggested_price, status, bidding_deadline, datetime_updated) VALUES (155, 'help me improve my house', 'kbuchan1@hugedomains.com', 'help break down my wall safetly requrement: knowledge in the field', 'Home Improvement', '740315', 'sembawang vista', '2017-11-17 21:36:00+08', '2017-11-30 21:36:00+08', '$30.00', 'open', '2017-11-15 21:36:00+08', '2017-11-05 13:04:23.53506+08');
INSERT INTO tasks (id, name, owner_email, description, category, postal_code, address, start_datetime, end_datetime, suggested_price, status, bidding_deadline, datetime_updated) VALUES (159, 'help moving', 'kbuchan1@hugedomains.com', 'looking for 2 people to help carry stuff', 'Moving and Packing', '760331', 'yishun street 21', '2017-12-09 08:33:42+08', '2017-12-24 11:52:13+08', '$88.00', 'open', '2017-11-16 15:35:19+08', '2017-11-05 00:00:00+08');
INSERT INTO tasks (id, name, owner_email, description, category, postal_code, address, start_datetime, end_datetime, suggested_price, status, bidding_deadline, datetime_updated) VALUES (160, 'help moving 200kg worth of package', 'kbuchan1@hugedomains.com', 'help carrying 200kg worth of stuff', 'Moving and Packing', '760331', 'yishun street 21', '2017-12-07 00:28:40+08', '2017-12-16 19:03:18+08', '$49.00', 'open', '2017-11-16 07:49:01+08', '2017-11-05 00:00:00+08');
INSERT INTO tasks (id, name, owner_email, description, category, postal_code, address, start_datetime, end_datetime, suggested_price, status, bidding_deadline, datetime_updated) VALUES (161, 'help unpack package', 'kbuchan1@hugedomains.com', 'looking for help updacking all my packages will lean towards lower bids', 'Moving and Packing', '760331', 'yishun street 21', '2017-12-07 09:26:46+08', '2017-12-18 17:29:10+08', '$54.00', 'open', '2017-11-16 12:38:58+08', '2017-11-05 00:00:00+08');
INSERT INTO tasks (id, name, owner_email, description, category, postal_code, address, start_datetime, end_datetime, suggested_price, status, bidding_deadline, datetime_updated) VALUES (162, 'help moving', 'kbuchan1@hugedomains.com', 'task require person to be able to carry a load of 5 kg or bring another helper to do the same amount of work', 'Moving and Packing', '760331', 'yishun street 21', '2017-12-02 20:20:54+08', '2017-12-31 06:14:56+08', '$50.00', 'open', '2017-11-16 06:14:16+08', '2017-11-05 00:00:00+08');
INSERT INTO tasks (id, name, owner_email, description, category, postal_code, address, start_datetime, end_datetime, suggested_price, status, bidding_deadline, datetime_updated) VALUES (163, 'help unpack', 'kbuchan1@hugedomains.com', 'looking for help updacking all my packages', 'Moving and Packing', '760331', 'yishun street 21', '2017-11-18 06:15:32+08', '2017-12-18 05:13:23+08', '$6.00', 'open', '2017-11-15 00:00:00+08', '2017-11-05 00:00:00+08');
INSERT INTO tasks (id, name, owner_email, description, category, postal_code, address, start_datetime, end_datetime, suggested_price, status, bidding_deadline, datetime_updated) VALUES (164, 'help moving', 'kbuchan1@hugedomains.com', 'task require person to be able to carry a load of 5 kg', 'Moving and Packing', '760331', 'yishun street 21', '2017-11-17 08:46:09+08', '2017-12-23 04:42:14+08', '$95.00', 'open', '2017-11-15 00:00:00+08', '2017-11-05 00:00:00+08');
INSERT INTO tasks (id, name, owner_email, description, category, postal_code, address, start_datetime, end_datetime, suggested_price, status, bidding_deadline, datetime_updated) VALUES (165, 'help moving package', 'kbuchan1@hugedomains.com', 'looking for help to carry my package for moving', 'Moving and Packing', '760331', 'yishun street 21', '2017-12-01 13:45:17+08', '2017-12-30 02:47:40+08', '$54.00', 'open', '2017-11-15 00:00:00+08', '2017-11-05 00:00:00+08');
INSERT INTO tasks (id, name, owner_email, description, category, postal_code, address, start_datetime, end_datetime, suggested_price, status, bidding_deadline, datetime_updated) VALUES (166, 'help moving', 'kbuchan1@hugedomains.com', 'looking for 2 people to help carry stuff', 'Moving and Packing', '760331', 'yishun street 21', '2017-11-23 14:48:22+08', '2017-12-22 05:39:06+08', '$82.00', 'open', '2017-11-15 00:00:00+08', '2017-11-05 00:00:00+08');
INSERT INTO tasks (id, name, owner_email, description, category, postal_code, address, start_datetime, end_datetime, suggested_price, status, bidding_deadline, datetime_updated) VALUES (167, 'help moving 200kg worth of package', 'kbuchan1@hugedomains.com', 'help carrying 200kg worth of stuff', 'Moving and Packing', '760331', 'yishun street 21', '2017-12-07 00:19:08+08', '2017-12-18 19:25:02+08', '$89.00', 'open', '2017-11-15 00:00:00+08', '2017-11-05 00:00:00+08');
INSERT INTO tasks (id, name, owner_email, description, category, postal_code, address, start_datetime, end_datetime, suggested_price, status, bidding_deadline, datetime_updated) VALUES (168, 'help unpack', 'jstaining2@shareasale.com', 'looking for help updacking all my packages', 'Moving and Packing', '760331', 'yishun street 21', '2017-12-10 20:17:31+08', '2017-12-26 11:41:56+08', '$57.00', 'open', '2017-11-15 00:00:00+08', '2017-11-05 00:00:00+08');
INSERT INTO tasks (id, name, owner_email, description, category, postal_code, address, start_datetime, end_datetime, suggested_price, status, bidding_deadline, datetime_updated) VALUES (169, 'help moving', 'jstaining2@shareasale.com', 'task require person to be able to carry a load of 5 kg', 'Moving and Packing', '760331', 'yishun street 21', '2017-11-17 23:10:54+08', '2017-12-17 05:44:59+08', '$55.00', 'open', '2017-11-15 00:00:00+08', '2017-11-05 00:00:00+08');
INSERT INTO tasks (id, name, owner_email, description, category, postal_code, address, start_datetime, end_datetime, suggested_price, status, bidding_deadline, datetime_updated) VALUES (170, 'help moving package', 'jstaining2@shareasale.com', 'looking for help to carry my package for moving', 'Moving and Packing', '760331', 'yishun street 21', '2017-11-17 02:48:21+08', '2017-12-26 00:02:11+08', '$96.00', 'open', '2017-11-15 00:00:00+08', '2017-11-05 00:00:00+08');
INSERT INTO tasks (id, name, owner_email, description, category, postal_code, address, start_datetime, end_datetime, suggested_price, status, bidding_deadline, datetime_updated) VALUES (171, 'help moving', 'jstaining2@shareasale.com', 'looking for 2 people to help carry stuff', 'Moving and Packing', '760331', 'yishun street 21', '2017-11-22 12:35:44+08', '2017-12-20 02:03:19+08', '$19.00', 'open', '2017-11-15 00:00:00+08', '2017-11-05 00:00:00+08');
INSERT INTO tasks (id, name, owner_email, description, category, postal_code, address, start_datetime, end_datetime, suggested_price, status, bidding_deadline, datetime_updated) VALUES (172, 'help moving 200kg worth of package', 'jstaining2@shareasale.com', 'help carrying 200kg worth of stuff', 'Moving and Packing', '760331', 'yishun street 21', '2017-11-24 17:35:53+08', '2017-12-16 01:14:47+08', '$47.00', 'open', '2017-11-15 00:00:00+08', '2017-11-05 00:00:00+08');
INSERT INTO tasks (id, name, owner_email, description, category, postal_code, address, start_datetime, end_datetime, suggested_price, status, bidding_deadline, datetime_updated) VALUES (173, 'help unpack', 'jstaining2@shareasale.com', 'looking for help updacking all my packages', 'Moving and Packing', '760331', 'yishun street 21', '2017-12-09 17:03:10+08', '2017-12-26 01:46:41+08', '$95.00', 'open', '2017-11-16 17:22:53+08', '2017-11-05 00:00:00+08');
INSERT INTO tasks (id, name, owner_email, description, category, postal_code, address, start_datetime, end_datetime, suggested_price, status, bidding_deadline, datetime_updated) VALUES (174, 'help moving', 'jstaining2@shareasale.com', 'task require person to be able to carry a load of 5 kg', 'Moving and Packing', '760331', 'yishun street 21', '2017-11-29 19:37:44+08', '2017-12-29 15:54:04+08', '$3.00', 'open', '2017-11-16 09:12:16+08', '2017-11-05 00:00:00+08');
INSERT INTO tasks (id, name, owner_email, description, category, postal_code, address, start_datetime, end_datetime, suggested_price, status, bidding_deadline, datetime_updated) VALUES (175, 'help moving package', 'jstaining2@shareasale.com', 'looking for help to carry my package for moving', 'Moving and Packing', '760331', 'yishun street 21', '2017-12-08 08:43:19+08', '2017-12-19 12:16:22+08', '$93.00', 'open', '2017-11-16 23:51:58+08', '2017-11-05 00:00:00+08');
INSERT INTO tasks (id, name, owner_email, description, category, postal_code, address, start_datetime, end_datetime, suggested_price, status, bidding_deadline, datetime_updated) VALUES (176, 'help moving', 'jstaining2@shareasale.com', 'looking for 2 people to help carry stuff', 'Moving and Packing', '760331', 'yishun street 21', '2017-12-01 09:31:36+08', '2017-12-23 13:06:28+08', '$22.00', 'open', '2017-11-16 07:05:44+08', '2017-11-05 00:00:00+08');
INSERT INTO tasks (id, name, owner_email, description, category, postal_code, address, start_datetime, end_datetime, suggested_price, status, bidding_deadline, datetime_updated) VALUES (177, 'help moving 200kg worth of package', 'jstaining2@shareasale.com', 'help carrying 200kg worth of stuff', 'Moving and Packing', '760331', 'yishun street 21', '2017-12-02 04:33:29+08', '2017-12-27 05:16:31+08', '$14.00', 'open', '2017-11-16 03:10:02+08', '2017-11-05 00:00:00+08');
INSERT INTO tasks (id, name, owner_email, description, category, postal_code, address, start_datetime, end_datetime, suggested_price, status, bidding_deadline, datetime_updated) VALUES (107, 'putting together bed frame', 'jstaining2@shareasale.com', 'task require help from a person confident on putting together my bed frame', 'Furniture Assembly', '751234', 'woodlands vista', '2017-11-16 08:46:27+08', '2017-12-25 19:11:05+08', '$88.00', 'bidding_closed', '2017-11-01 09:30:17+08', '2017-11-07 12:58:56+08');
INSERT INTO tasks (id, name, owner_email, description, category, postal_code, address, start_datetime, end_datetime, suggested_price, status, bidding_deadline, datetime_updated) VALUES (156, 'help unpack', 'kbuchan1@hugedomains.com', 'looking for help updacking all my packages', 'Moving and Packing', '760331', 'yishun street 21', '2017-11-29 18:49:38+08', '2017-12-29 00:22:21+08', '$100.00', 'open', '2017-11-16 09:05:21+08', '2017-11-05 00:00:00+08');
INSERT INTO tasks (id, name, owner_email, description, category, postal_code, address, start_datetime, end_datetime, suggested_price, status, bidding_deadline, datetime_updated) VALUES (158, 'help moving package', 'kbuchan1@hugedomains.com', 'looking for help to carry my package for moving', 'Moving and Packing', '760331', 'yishun street 21', '2017-11-29 18:49:38+08', '2017-12-24 10:27:41+08', '$43.00', 'open', '2017-11-16 14:49:15+08', '2017-11-05 00:00:00+08');
INSERT INTO tasks (id, name, owner_email, description, category, postal_code, address, start_datetime, end_datetime, suggested_price, status, bidding_deadline, datetime_updated) VALUES (157, 'help moving', 'kbuchan1@hugedomains.com', 'task require person to be able to carry a load of 5 kg', 'Moving and Packing', '760331', 'yishun street 21', '2017-11-29 18:49:38+08', '2017-12-15 00:08:52+08', '$19.00', 'open', '2017-11-16 09:30:38+08', '2017-11-05 00:00:00+08');
INSERT INTO tasks (id, name, owner_email, description, category, postal_code, address, start_datetime, end_datetime, suggested_price, status, bidding_deadline, datetime_updated) VALUES (105, 'building shelf', 'kceresa0@nyu.edu', 'need help building up my shelf from ikea', 'Furniture Assembly', '760331', 'yishun street 21', '2017-11-10 08:46:27+08', '2017-12-30 05:54:27+08', '$87.00', 'closed', '2017-11-04 05:46:27+08', '2017-11-02 02:31:45+08');
INSERT INTO tasks (id, name, owner_email, description, category, postal_code, address, start_datetime, end_datetime, suggested_price, status, bidding_deadline, datetime_updated) VALUES (178, 'help unpack package', 'jstaining2@shareasale.com', 'looking for help updacking all my packages will lean towards lower bids', 'Moving and Packing', '760331', 'yishun street 21', '2017-11-30 16:15:31+08', '2017-12-28 13:56:52+08', '$18.00', 'open', '2017-11-16 01:07:09+08', '2017-11-05 00:00:00+08');
INSERT INTO tasks (id, name, owner_email, description, category, postal_code, address, start_datetime, end_datetime, suggested_price, status, bidding_deadline, datetime_updated) VALUES (179, 'help moving', 'jstaining2@shareasale.com', 'task require person to be able to carry a load of 5 kg or bring another helper to do the same amount of work', 'Moving and Packing', '760331', 'yishun street 21', '2017-11-22 01:10:58+08', '2017-12-29 15:34:17+08', '$20.00', 'open', '2017-11-16 19:21:35+08', '2017-11-05 00:00:00+08');
INSERT INTO tasks (id, name, owner_email, description, category, postal_code, address, start_datetime, end_datetime, suggested_price, status, bidding_deadline, datetime_updated) VALUES (180, 'help unpack', 'koxenden4@sourceforge.net', 'looking for help updacking all my packages', 'Moving and Packing', '760331', 'yishun street 21', '2017-12-07 04:21:34+08', '2017-12-31 05:43:05+08', '$17.00', 'open', '2017-11-16 12:58:50+08', '2017-11-05 00:00:00+08');
INSERT INTO tasks (id, name, owner_email, description, category, postal_code, address, start_datetime, end_datetime, suggested_price, status, bidding_deadline, datetime_updated) VALUES (181, 'help moving', 'koxenden4@sourceforge.net', 'task require person to be able to carry a load of 5 kg', 'Moving and Packing', '760331', 'yishun street 21', '2017-11-21 18:52:42+08', '2017-12-16 09:20:25+08', '$70.00', 'open', '2017-11-16 04:00:19+08', '2017-11-05 00:00:00+08');
INSERT INTO tasks (id, name, owner_email, description, category, postal_code, address, start_datetime, end_datetime, suggested_price, status, bidding_deadline, datetime_updated) VALUES (182, 'help moving package', 'koxenden4@sourceforge.net', 'looking for help to carry my package for moving', 'Moving and Packing', '760331', 'yishun street 21', '2017-12-06 10:38:26+08', '2017-12-29 20:22:23+08', '$28.00', 'open', '2017-11-16 18:18:37+08', '2017-11-05 00:00:00+08');
INSERT INTO tasks (id, name, owner_email, description, category, postal_code, address, start_datetime, end_datetime, suggested_price, status, bidding_deadline, datetime_updated) VALUES (183, 'help moving', 'koxenden4@sourceforge.net', 'looking for 2 people to help carry stuff', 'Moving and Packing', '760331', 'yishun street 21', '2017-11-30 11:42:20+08', '2017-12-15 16:37:05+08', '$23.00', 'open', '2017-11-16 04:10:46+08', '2017-11-05 00:00:00+08');
INSERT INTO tasks (id, name, owner_email, description, category, postal_code, address, start_datetime, end_datetime, suggested_price, status, bidding_deadline, datetime_updated) VALUES (184, 'help moving 200kg worth of package', 'koxenden4@sourceforge.net', 'help carrying 200kg worth of stuff', 'Moving and Packing', '760331', 'yishun street 21', '2017-11-25 21:27:55+08', '2017-12-19 15:49:08+08', '$40.00', 'open', '2017-11-16 21:18:09+08', '2017-11-05 00:00:00+08');
INSERT INTO tasks (id, name, owner_email, description, category, postal_code, address, start_datetime, end_datetime, suggested_price, status, bidding_deadline, datetime_updated) VALUES (185, 'help unpack package', 'koxenden4@sourceforge.net', 'looking for help updacking all my packages will lean towards lower bids', 'Moving and Packing', '760331', 'yishun street 21', '2017-12-01 16:51:01+08', '2017-12-21 22:12:23+08', '$1.00', 'open', '2017-11-16 01:59:26+08', '2017-11-05 00:00:00+08');
INSERT INTO tasks (id, name, owner_email, description, category, postal_code, address, start_datetime, end_datetime, suggested_price, status, bidding_deadline, datetime_updated) VALUES (186, 'help moving', 'koxenden4@sourceforge.net', 'task require person to be able to carry a load of 5 kg or bring another helper to do the same amount of work', 'Moving and Packing', '760331', 'yishun street 21', '2017-12-06 10:50:56+08', '2017-12-18 03:23:54+08', '$64.00', 'open', '2017-11-16 08:48:05+08', '2017-11-05 00:00:00+08');
INSERT INTO tasks (id, name, owner_email, description, category, postal_code, address, start_datetime, end_datetime, suggested_price, status, bidding_deadline, datetime_updated) VALUES (187, 'help unpack', 'koxenden4@sourceforge.net', 'looking for help updacking all my packages', 'Moving and Packing', '760331', 'yishun street 21', '2017-11-19 05:23:54+08', '2017-12-20 07:29:31+08', '$40.00', 'open', '2017-11-15 00:00:00+08', '2017-11-05 00:00:00+08');
INSERT INTO tasks (id, name, owner_email, description, category, postal_code, address, start_datetime, end_datetime, suggested_price, status, bidding_deadline, datetime_updated) VALUES (188, 'help moving', 'koxenden4@sourceforge.net', 'task require person to be able to carry a load of 5 kg', 'Moving and Packing', '760331', 'yishun street 21', '2017-12-08 04:11:24+08', '2017-12-18 15:01:02+08', '$23.00', 'open', '2017-11-15 00:00:00+08', '2017-11-05 00:00:00+08');
INSERT INTO tasks (id, name, owner_email, description, category, postal_code, address, start_datetime, end_datetime, suggested_price, status, bidding_deadline, datetime_updated) VALUES (189, 'help moving package', 'koxenden4@sourceforge.net', 'looking for help to carry my package for moving', 'Moving and Packing', '760331', 'yishun street 21', '2017-12-11 08:54:35+08', '2017-12-31 10:56:11+08', '$58.00', 'open', '2017-11-15 00:00:00+08', '2017-11-05 00:00:00+08');
INSERT INTO tasks (id, name, owner_email, description, category, postal_code, address, start_datetime, end_datetime, suggested_price, status, bidding_deadline, datetime_updated) VALUES (190, 'help moving', 'koxenden4@sourceforge.net', 'looking for 2 people to help carry stuff', 'Moving and Packing', '760331', 'yishun street 21', '2017-12-12 11:54:46+08', '2017-12-15 00:15:03+08', '$55.00', 'open', '2017-11-15 00:00:00+08', '2017-11-05 00:00:00+08');
INSERT INTO tasks (id, name, owner_email, description, category, postal_code, address, start_datetime, end_datetime, suggested_price, status, bidding_deadline, datetime_updated) VALUES (191, 'help moving 200kg worth of package', 'koxenden4@sourceforge.net', 'help carrying 200kg worth of stuff', 'Moving and Packing', '760331', 'yishun street 21', '2017-11-25 06:19:33+08', '2017-12-27 10:10:58+08', '$69.00', 'open', '2017-11-15 00:00:00+08', '2017-11-05 00:00:00+08');
INSERT INTO tasks (id, name, owner_email, description, category, postal_code, address, start_datetime, end_datetime, suggested_price, status, bidding_deadline, datetime_updated) VALUES (192, 'help unpack package', 'koxenden4@sourceforge.net', 'looking for help updacking all my packages will lean towards lower bids', 'Moving and Packing', '760331', 'yishun street 21', '2017-11-17 01:10:14+08', '2017-12-29 11:06:00+08', '$68.00', 'open', '2017-11-15 00:00:00+08', '2017-11-05 00:00:00+08');
INSERT INTO tasks (id, name, owner_email, description, category, postal_code, address, start_datetime, end_datetime, suggested_price, status, bidding_deadline, datetime_updated) VALUES (193, 'help moving', 'koxenden4@sourceforge.net', 'task require person to be able to carry a load of 5 kg or bring another helper to do the same amount of work', 'Moving and Packing', '760331', 'yishun street 21', '2017-12-10 01:23:48+08', '2017-12-22 00:38:29+08', '$90.00', 'open', '2017-11-15 00:00:00+08', '2017-11-05 00:00:00+08');
INSERT INTO tasks (id, name, owner_email, description, category, postal_code, address, start_datetime, end_datetime, suggested_price, status, bidding_deadline, datetime_updated) VALUES (194, 'help unpack', 'asancraft5@hubpages.com', 'looking for help updacking all my packages', 'Moving and Packing', '760331', 'yishun street 21', '2017-11-26 15:33:43+08', '2017-12-22 09:09:06+08', '$61.00', 'open', '2017-11-15 00:00:00+08', '2017-11-05 00:00:00+08');
INSERT INTO tasks (id, name, owner_email, description, category, postal_code, address, start_datetime, end_datetime, suggested_price, status, bidding_deadline, datetime_updated) VALUES (195, 'help moving', 'asancraft5@hubpages.com', 'task require person to be able to carry a load of 5 kg', 'Moving and Packing', '760331', 'yishun street 21', '2017-11-21 11:39:48+08', '2017-12-28 09:09:07+08', '$42.00', 'open', '2017-11-15 00:00:00+08', '2017-11-05 00:00:00+08');
INSERT INTO tasks (id, name, owner_email, description, category, postal_code, address, start_datetime, end_datetime, suggested_price, status, bidding_deadline, datetime_updated) VALUES (196, 'help moving package', 'asancraft5@hubpages.com', 'looking for help to carry my package for moving', 'Moving and Packing', '760331', 'yishun street 21', '2017-11-25 04:27:17+08', '2017-12-20 15:47:08+08', '$72.00', 'open', '2017-11-15 00:00:00+08', '2017-11-05 00:00:00+08');
INSERT INTO tasks (id, name, owner_email, description, category, postal_code, address, start_datetime, end_datetime, suggested_price, status, bidding_deadline, datetime_updated) VALUES (197, 'help moving', 'asancraft5@hubpages.com', 'looking for 2 people to help carry stuff', 'Moving and Packing', '760331', 'yishun street 21', '2017-11-26 07:11:09+08', '2017-12-16 20:09:46+08', '$3.00', 'open', '2017-11-15 00:00:00+08', '2017-11-05 00:00:00+08');
INSERT INTO tasks (id, name, owner_email, description, category, postal_code, address, start_datetime, end_datetime, suggested_price, status, bidding_deadline, datetime_updated) VALUES (198, 'help moving 200kg worth of package', 'asancraft5@hubpages.com', 'help carrying 200kg worth of stuff', 'Moving and Packing', '760331', 'yishun street 21', '2017-12-09 06:41:05+08', '2017-12-18 00:12:39+08', '$34.00', 'open', '2017-11-15 00:00:00+08', '2017-11-05 00:00:00+08');
INSERT INTO tasks (id, name, owner_email, description, category, postal_code, address, start_datetime, end_datetime, suggested_price, status, bidding_deadline, datetime_updated) VALUES (199, 'help unpack package', 'asancraft5@hubpages.com', 'looking for help updacking all my packages will lean towards lower bids', 'Moving and Packing', '760331', 'yishun street 21', '2017-11-18 11:02:31+08', '2017-12-25 14:03:15+08', '$9.00', 'open', '2017-11-15 00:00:00+08', '2017-11-05 00:00:00+08');
INSERT INTO tasks (id, name, owner_email, description, category, postal_code, address, start_datetime, end_datetime, suggested_price, status, bidding_deadline, datetime_updated) VALUES (200, 'help moving', 'asancraft5@hubpages.com', 'task require person to be able to carry a load of 5 kg or bring another helper to do the same amount of work', 'Moving and Packing', '760331', 'yishun street 21', '2017-11-20 09:22:34+08', '2017-12-29 03:57:46+08', '$56.00', 'open', '2017-11-15 00:00:00+08', '2017-11-05 00:00:00+08');
INSERT INTO tasks (id, name, owner_email, description, category, postal_code, address, start_datetime, end_datetime, suggested_price, status, bidding_deadline, datetime_updated) VALUES (201, 'help unpack', 'asancraft5@hubpages.com', 'looking for help updacking all my packages', 'Moving and Packing', '760331', 'yishun street 21', '2017-12-05 23:23:20+08', '2017-12-28 22:51:09+08', '$15.00', 'open', '2017-11-16 13:51:57+08', '2017-11-05 00:00:00+08');
INSERT INTO tasks (id, name, owner_email, description, category, postal_code, address, start_datetime, end_datetime, suggested_price, status, bidding_deadline, datetime_updated) VALUES (202, 'help moving', 'asancraft5@hubpages.com', 'task require person to be able to carry a load of 5 kg', 'Moving and Packing', '760331', 'yishun street 21', '2017-12-12 16:25:52+08', '2017-12-28 11:57:00+08', '$8.00', 'open', '2017-11-16 17:20:20+08', '2017-11-05 00:00:00+08');
INSERT INTO tasks (id, name, owner_email, description, category, postal_code, address, start_datetime, end_datetime, suggested_price, status, bidding_deadline, datetime_updated) VALUES (203, 'help moving package', 'asancraft5@hubpages.com', 'looking for help to carry my package for moving', 'Moving and Packing', '760331', 'yishun street 21', '2017-12-08 09:24:30+08', '2017-12-28 10:18:20+08', '$38.00', 'open', '2017-11-16 09:32:48+08', '2017-11-05 00:00:00+08');
INSERT INTO tasks (id, name, owner_email, description, category, postal_code, address, start_datetime, end_datetime, suggested_price, status, bidding_deadline, datetime_updated) VALUES (204, 'help moving', 'asancraft5@hubpages.com', 'looking for 2 people to help carry stuff', 'Moving and Packing', '760331', 'yishun street 21', '2017-11-26 14:39:08+08', '2017-12-30 19:10:18+08', '$98.00', 'open', '2017-11-16 02:40:17+08', '2017-11-05 00:00:00+08');
INSERT INTO tasks (id, name, owner_email, description, category, postal_code, address, start_datetime, end_datetime, suggested_price, status, bidding_deadline, datetime_updated) VALUES (205, 'help moving 200kg worth of package', 'asancraft5@hubpages.com', 'help carrying 200kg worth of stuff', 'Moving and Packing', '760331', 'yishun street 21', '2017-11-28 04:36:13+08', '2017-12-21 13:41:00+08', '$94.00', 'open', '2017-11-16 04:07:20+08', '2017-11-05 00:00:00+08');
INSERT INTO tasks (id, name, owner_email, description, category, postal_code, address, start_datetime, end_datetime, suggested_price, status, bidding_deadline, datetime_updated) VALUES (206, 'help unpack', 'mspeake6@feedburner.com', 'looking for help updacking all my packages', 'Moving and Packing', '760331', 'yishun street 21', '2017-11-28 22:59:16+08', '2017-12-19 17:30:42+08', '$33.00', 'open', '2017-11-16 05:41:14+08', '2017-11-05 00:00:00+08');
INSERT INTO tasks (id, name, owner_email, description, category, postal_code, address, start_datetime, end_datetime, suggested_price, status, bidding_deadline, datetime_updated) VALUES (207, 'help moving', 'mspeake6@feedburner.com', 'task require person to be able to carry a load of 5 kg', 'Moving and Packing', '760331', 'yishun street 21', '2017-11-23 00:02:30+08', '2017-12-20 07:38:40+08', '$58.00', 'open', '2017-11-16 01:34:08+08', '2017-11-05 00:00:00+08');
INSERT INTO tasks (id, name, owner_email, description, category, postal_code, address, start_datetime, end_datetime, suggested_price, status, bidding_deadline, datetime_updated) VALUES (208, 'help moving package', 'mspeake6@feedburner.com', 'looking for help to carry my package for moving', 'Moving and Packing', '760331', 'yishun street 21', '2017-12-11 17:24:49+08', '2017-12-31 11:11:54+08', '$81.00', 'open', '2017-11-16 05:37:34+08', '2017-11-05 00:00:00+08');
INSERT INTO tasks (id, name, owner_email, description, category, postal_code, address, start_datetime, end_datetime, suggested_price, status, bidding_deadline, datetime_updated) VALUES (209, 'help moving', 'mspeake6@feedburner.com', 'looking for 2 people to help carry stuff', 'Moving and Packing', '760331', 'yishun street 21', '2017-12-07 15:06:25+08', '2017-12-17 23:23:38+08', '$31.00', 'open', '2017-11-16 15:42:11+08', '2017-11-05 00:00:00+08');
INSERT INTO tasks (id, name, owner_email, description, category, postal_code, address, start_datetime, end_datetime, suggested_price, status, bidding_deadline, datetime_updated) VALUES (210, 'help moving 200kg worth of package', 'mspeake6@feedburner.com', 'help carrying 200kg worth of stuff', 'Moving and Packing', '760331', 'yishun street 21', '2017-11-22 17:45:54+08', '2017-12-18 13:11:12+08', '$12.00', 'open', '2017-11-16 01:59:34+08', '2017-11-05 00:00:00+08');
INSERT INTO tasks (id, name, owner_email, description, category, postal_code, address, start_datetime, end_datetime, suggested_price, status, bidding_deadline, datetime_updated) VALUES (211, 'help unpack package', 'mspeake6@feedburner.com', 'looking for help updacking all my packages will lean towards lower bids', 'Moving and Packing', '760331', 'yishun street 21', '2017-11-19 13:49:18+08', '2017-12-15 17:54:32+08', '$92.00', 'open', '2017-11-16 05:30:04+08', '2017-11-05 00:00:00+08');
INSERT INTO tasks (id, name, owner_email, description, category, postal_code, address, start_datetime, end_datetime, suggested_price, status, bidding_deadline, datetime_updated) VALUES (212, 'help moving', 'mspeake6@feedburner.com', 'task require person to be able to carry a load of 5 kg or bring another helper to do the same amount of work', 'Moving and Packing', '760331', 'yishun street 21', '2017-11-23 08:41:40+08', '2017-12-22 00:53:27+08', '$3.00', 'open', '2017-11-16 19:08:55+08', '2017-11-05 00:00:00+08');
INSERT INTO tasks (id, name, owner_email, description, category, postal_code, address, start_datetime, end_datetime, suggested_price, status, bidding_deadline, datetime_updated) VALUES (213, 'help unpack', 'mspeake6@feedburner.com', 'looking for help updacking all my packages', 'Moving and Packing', '760331', 'yishun street 21', '2017-11-20 22:35:56+08', '2017-12-21 08:44:00+08', '$11.00', 'open', '2017-11-15 00:00:00+08', '2017-11-05 00:00:00+08');
INSERT INTO tasks (id, name, owner_email, description, category, postal_code, address, start_datetime, end_datetime, suggested_price, status, bidding_deadline, datetime_updated) VALUES (214, 'help moving', 'mspeake6@feedburner.com', 'task require person to be able to carry a load of 5 kg', 'Moving and Packing', '760331', 'yishun street 21', '2017-12-11 20:03:11+08', '2017-12-28 18:21:00+08', '$41.00', 'open', '2017-11-15 00:00:00+08', '2017-11-05 00:00:00+08');
INSERT INTO tasks (id, name, owner_email, description, category, postal_code, address, start_datetime, end_datetime, suggested_price, status, bidding_deadline, datetime_updated) VALUES (215, 'help moving package', 'mspeake6@feedburner.com', 'looking for help to carry my package for moving', 'Moving and Packing', '760331', 'yishun street 21', '2017-12-02 22:46:22+08', '2017-12-16 19:58:21+08', '$70.00', 'open', '2017-11-15 00:00:00+08', '2017-11-05 00:00:00+08');
INSERT INTO tasks (id, name, owner_email, description, category, postal_code, address, start_datetime, end_datetime, suggested_price, status, bidding_deadline, datetime_updated) VALUES (216, 'help moving', 'mspeake6@feedburner.com', 'looking for 2 people to help carry stuff', 'Moving and Packing', '760331', 'yishun street 21', '2017-11-26 08:26:04+08', '2017-12-20 10:33:56+08', '$73.00', 'open', '2017-11-15 00:00:00+08', '2017-11-05 00:00:00+08');
INSERT INTO tasks (id, name, owner_email, description, category, postal_code, address, start_datetime, end_datetime, suggested_price, status, bidding_deadline, datetime_updated) VALUES (217, 'help moving 200kg worth of package', 'mspeake6@feedburner.com', 'help carrying 200kg worth of stuff', 'Moving and Packing', '760331', 'yishun street 21', '2017-12-10 23:44:42+08', '2017-12-20 21:04:17+08', '$64.00', 'open', '2017-11-15 00:00:00+08', '2017-11-05 00:00:00+08');
INSERT INTO tasks (id, name, owner_email, description, category, postal_code, address, start_datetime, end_datetime, suggested_price, status, bidding_deadline, datetime_updated) VALUES (17, 'putting together chair', 'mspeake6@feedburner.com', 'need help putting together my working chair', 'Furniture Assembly', '765332', 'sembawang vista', '2017-11-18 23:12:55+08', '2017-12-25 23:04:07+08', '$21.00', 'open', '2017-11-07 20:01:57+08', '2017-11-07 04:58:53+08');
INSERT INTO tasks (id, name, owner_email, description, category, postal_code, address, start_datetime, end_datetime, suggested_price, status, bidding_deadline, datetime_updated) VALUES (104, 'building shelf', 'kceresa0@nyu.edu', 'need help building up my shelf from ikea', 'Furniture Assembly', '760331', 'yishun street 21', '2017-11-30 00:00:00+08', '2017-12-24 18:34:24+08', '$28.00', 'assigned', '2017-10-04 00:00:00+08', '2017-11-04 05:47:53+08');
INSERT INTO tasks (id, name, owner_email, description, category, postal_code, address, start_datetime, end_datetime, suggested_price, status, bidding_deadline, datetime_updated) VALUES (45, 'Karly Oxenden', 'koxenden4@sourceforge.net', 'help redesigning my daughter''s room', 'Home Improvement', '750123', 'chua chu kang vinsten', '2017-11-13 00:04:01+08', '2017-12-17 21:19:59+08', '$9.00', 'closed', '2017-11-03 01:29:08+08', '2017-11-03 04:51:16+08');
INSERT INTO tasks (id, name, owner_email, description, category, postal_code, address, start_datetime, end_datetime, suggested_price, status, bidding_deadline, datetime_updated) VALUES (13, 'putting together bed frame', 'jstaining2@shareasale.com', 'task require help from a person confident on putting together my bed frame', 'Furniture Assembly', '751234', 'woodlands vista', '2017-11-15 23:12:55+08', '2017-12-05 06:34:23+08', '$61.00', 'bidding_closed', '2017-11-02 21:11:51+08', '2017-11-02 02:12:26+08');
INSERT INTO tasks (id, name, owner_email, description, category, postal_code, address, start_datetime, end_datetime, suggested_price, status, bidding_deadline, datetime_updated) VALUES (14, 'mount mirror', 'nadamolli3@feedburner.com', 'help mount my new mirror on my bed room wall', 'Furniture Assembly', '752213', 'ang mo koi st11', '2017-11-18 23:12:55+08', '2017-12-04 07:47:10+08', '$71.00', 'bidding_closed', '2017-11-01 07:33:55+08', '2017-11-06 16:59:32+08');
INSERT INTO tasks (id, name, owner_email, description, category, postal_code, address, start_datetime, end_datetime, suggested_price, status, bidding_deadline, datetime_updated) VALUES (16, 'building my bed', 'asancraft5@hubpages.com', 'need help building up my bed from ikea', 'Furniture Assembly', '756321', 'yishun street 21', '2017-11-18 23:12:55+08', '2017-12-16 06:01:17+08', '$45.00', 'bidding_closed', '2017-11-01 05:09:32+08', '2017-11-06 01:27:38+08');
INSERT INTO tasks (id, name, owner_email, description, category, postal_code, address, start_datetime, end_datetime, suggested_price, status, bidding_deadline, datetime_updated) VALUES (27, 'help moving', 'mspeake6@feedburner.com', 'task require person to be able to carry a load of 5 kg or bring another helper to do the same amount of work', 'Moving and Packing', '765332', 'sembawang vista', '2017-11-05 23:12:55+08', '2017-12-16 09:18:59+08', '$26.00', 'bidding_closed', '2017-11-02 17:10:20+08', '2017-11-09 18:44:22+08');
INSERT INTO tasks (id, name, owner_email, description, category, postal_code, address, start_datetime, end_datetime, suggested_price, status, bidding_deadline, datetime_updated) VALUES (41, 'Kassi Ceresa', 'kceresa0@nyu.edu', 'help break down my wall safetly requrement: knowledge in the field', 'Home Improvement', '760331', 'yishun street 21', '2017-11-03 23:12:55+08', '2017-12-28 00:53:18+08', '$69.00', 'closed', '2017-11-01 14:58:22+08', '2017-11-05 15:40:44+08');
INSERT INTO tasks (id, name, owner_email, description, category, postal_code, address, start_datetime, end_datetime, suggested_price, status, bidding_deadline, datetime_updated) VALUES (31, 'help unpack', 'kceresa0@nyu.edu', 'looking for help updacking all my packages', 'Moving and Packing', '760331', 'yishun street 21', '2017-11-05 23:12:55+08', '2017-12-29 10:54:33+08', '$52.00', 'assigned', '2017-11-02 17:10:20+08', '2017-11-01 19:26:04+08');
INSERT INTO tasks (id, name, owner_email, description, category, postal_code, address, start_datetime, end_datetime, suggested_price, status, bidding_deadline, datetime_updated) VALUES (48, 'Riccardo Tunnah', 'rtunnah7@smh.com.au', 'looking for skillful hand to help me mount my new tv on my wall expected 1hr work', 'Home Improvement', '756321', 'woodlands vista', '2017-11-11 14:16:47+08', '2017-12-24 01:52:35+08', '$3.00', 'assigned', '2017-11-02 10:21:38+08', '2017-11-02 10:35:24+08');
INSERT INTO tasks (id, name, owner_email, description, category, postal_code, address, start_datetime, end_datetime, suggested_price, status, bidding_deadline, datetime_updated) VALUES (11, 'building shelf', 'kceresa0@nyu.edu', 'need help building up my shelf from ikea', 'Furniture Assembly', '760331', 'yishun street 21', '2017-11-04 23:12:55+08', '2017-12-05 05:13:04+08', '$93.00', 'closed', '2017-11-03 18:33:45+08', '2017-11-02 06:53:15+08');
INSERT INTO tasks (id, name, owner_email, description, category, postal_code, address, start_datetime, end_datetime, suggested_price, status, bidding_deadline, datetime_updated) VALUES (38, 'help moving package', 'rtunnah7@smh.com.au', 'looking for help to carry my package for moving will take an estimated 3hr max', 'Moving and Packing', '756321', 'woodlands vista', '2017-11-05 23:12:55+08', '2017-12-31 19:16:19+08', '$73.00', 'assigned', '2017-11-03 19:16:27+08', '2017-11-08 15:50:45+08');
INSERT INTO tasks (id, name, owner_email, description, category, postal_code, address, start_datetime, end_datetime, suggested_price, status, bidding_deadline, datetime_updated) VALUES (28, 'help moving package', 'rtunnah7@smh.com.au', 'looking for help to carry my package for moving will take an estimated 3hr max', 'Moving and Packing', '756321', 'woodlands vista', '2017-11-05 23:12:55+08', '2017-12-18 00:12:15+08', '$47.00', 'assigned', '2017-11-02 17:10:20+08', '2017-11-01 15:56:54+08');
INSERT INTO tasks (id, name, owner_email, description, category, postal_code, address, start_datetime, end_datetime, suggested_price, status, bidding_deadline, datetime_updated) VALUES (29, 'moving package', 'dgaskin8@tmall.com', 'looking for 2 people to help carry stuff into the lorry estimated 2 hr', 'Moving and Packing', '756311', 'ang mo koi st11', '2017-11-05 23:12:55+08', '2017-12-26 09:11:02+08', '$77.00', 'assigned', '2017-11-02 17:10:20+08', '2017-11-07 18:14:14+08');
INSERT INTO tasks (id, name, owner_email, description, category, postal_code, address, start_datetime, end_datetime, suggested_price, status, bidding_deadline, datetime_updated) VALUES (123, 'mount mirror', 'dgaskin8@tmall.com', 'help mount my new mirror on my bed room wall', 'Furniture Assembly', '756311', 'ang mo koi st11', '2017-11-29 18:49:38+08', '2017-12-30 00:42:51+08', '$47.00', 'assigned', '2017-11-01 17:57:53+08', '2017-11-04 13:08:37+08');
INSERT INTO tasks (id, name, owner_email, description, category, postal_code, address, start_datetime, end_datetime, suggested_price, status, bidding_deadline, datetime_updated) VALUES (20, 'put together a desk', 'fvelez9@rediff.com', 'task require knowledge on how to put together my desk estimated 2 hr will lean towards cheaper bids', 'Furniture Assembly', '753331', 'chua chu kang vinsten', '2017-11-10 23:12:55+08', '2017-12-24 12:05:14+08', '$39.00', 'assigned', '2017-11-02 13:20:56+08', '2017-11-07 11:57:26+08');
INSERT INTO tasks (id, name, owner_email, description, category, postal_code, address, start_datetime, end_datetime, suggested_price, status, bidding_deadline, datetime_updated) VALUES (103, 'putting together bed frame', 'jstaining2@shareasale.com', 'task require help from a person confident on putting together my bed frame', 'Furniture Assembly', '751234', 'woodlands vista', '2017-11-30 00:00:00+08', '2017-12-24 10:57:35+08', '$63.00', 'bidding_closed', '2017-10-04 00:00:00+08', '2017-11-05 15:26:38+08');
INSERT INTO tasks (id, name, owner_email, description, category, postal_code, address, start_datetime, end_datetime, suggested_price, status, bidding_deadline, datetime_updated) VALUES (106, 'putting together computer', 'kbuchan1@hugedomains.com', 'need help putting together my computer chair', 'Furniture Assembly', '751246', 'sembawang vista', '2017-11-26 03:28:35+08', '2017-12-20 10:13:19+08', '$98.00', 'bidding_closed', '2017-10-20 00:09:18+08', '2017-11-02 09:46:34+08');
INSERT INTO tasks (id, name, owner_email, description, category, postal_code, address, start_datetime, end_datetime, suggested_price, status, bidding_deadline, datetime_updated) VALUES (116, 'putting together computer', 'kbuchan1@hugedomains.com', 'need help putting together my computer chair', 'Furniture Assembly', '751246', 'sembawang vista', '2017-11-29 18:49:38+08', '2017-12-24 16:19:08+08', '$56.00', 'bidding_closed', '2017-10-20 00:09:18+08', '2017-11-06 15:22:02+08');
INSERT INTO tasks (id, name, owner_email, description, category, postal_code, address, start_datetime, end_datetime, suggested_price, status, bidding_deadline, datetime_updated) VALUES (58, 'Riccardo Tunnah', 'rtunnah7@smh.com.au', 'help break down my kitchen safetly requrement: knowledge in the field', 'Home Improvement', '756321', 'woodlands vista', '2017-11-08 05:42:33+08', '2017-12-29 14:39:45+08', '$34.00', 'assigned', '2017-11-03 22:00:43+08', '2017-11-09 15:39:50+08');
INSERT INTO tasks (id, name, owner_email, description, category, postal_code, address, start_datetime, end_datetime, suggested_price, status, bidding_deadline, datetime_updated) VALUES (78, 'house cleaning after party', 'rtunnah7@smh.com.au', 'need help cleaning my house after a party', 'House Cleaning', '756321', 'woodlands vista', '2017-11-10 23:12:55+08', '2017-12-20 13:32:54+08', '$45.00', 'assigned', '2017-11-01 13:18:28+08', '2017-11-06 23:45:55+08');
INSERT INTO tasks (id, name, owner_email, description, category, postal_code, address, start_datetime, end_datetime, suggested_price, status, bidding_deadline, datetime_updated) VALUES (135, 'help unpack', 'kceresa0@nyu.edu', 'looking for help updacking all my packages', 'Moving and Packing', '760331', 'yishun street 21', '2017-11-08 19:51:54+08', '2017-12-25 01:13:58+08', '$32.00', 'open', '2017-11-07 12:28:41+08', '2017-11-05 17:18:39+08');
INSERT INTO tasks (id, name, owner_email, description, category, postal_code, address, start_datetime, end_datetime, suggested_price, status, bidding_deadline, datetime_updated) VALUES (79, 'house cleaning', 'dgaskin8@tmall.com', 'looking for someone with the right skillset for efficient cleaning with the right price expected 2 hr to complete.', 'House Cleaning', '756311', 'ang mo koi st11', '2017-11-10 23:12:55+08', '2017-12-27 07:14:05+08', '$5.00', 'assigned', '2017-11-02 09:50:32+08', '2017-11-02 09:41:18+08');
INSERT INTO tasks (id, name, owner_email, description, category, postal_code, address, start_datetime, end_datetime, suggested_price, status, bidding_deadline, datetime_updated) VALUES (60, 'Fanchon Velez', 'fvelez9@rediff.com', 'help design my office estimated time 2hr', 'Home Improvement', '753331', 'chua chu kang vinsten', '2017-11-10 23:12:55+08', '2017-12-24 00:50:56+08', '$4.00', 'assigned', '2017-11-04 11:53:09+08', '2017-11-03 15:28:35+08');
INSERT INTO tasks (id, name, owner_email, description, category, postal_code, address, start_datetime, end_datetime, suggested_price, status, bidding_deadline, datetime_updated) VALUES (80, 'full house cleaning', 'fvelez9@rediff.com', 'Full house cleaning for house warming party. Expect to finish in 2 hr.', 'House Cleaning', '753331', 'chua chu kang vinsten', '2017-11-13 08:24:59+08', '2017-12-29 08:45:16+08', '$67.00', 'assigned', '2017-11-01 14:48:35+08', '2017-11-05 14:30:59+08');
INSERT INTO tasks (id, name, owner_email, description, category, postal_code, address, start_datetime, end_datetime, suggested_price, status, bidding_deadline, datetime_updated) VALUES (108, 'mount mirror', 'nadamolli3@feedburner.com', 'help mount my new mirror on my bed room wall', 'Furniture Assembly', '752213', 'ang mo koi st11', '2017-11-09 22:32:02+08', '2017-12-22 19:18:35+08', '$26.00', 'open', '2017-11-05 21:06:49+08', '2017-11-01 20:55:04+08');
INSERT INTO tasks (id, name, owner_email, description, category, postal_code, address, start_datetime, end_datetime, suggested_price, status, bidding_deadline, datetime_updated) VALUES (110, 'building my bed', 'asancraft5@hubpages.com', 'need help building up my bed from ikea', 'Furniture Assembly', '756321', 'yishun street 21', '2017-11-14 01:59:50+08', '2017-12-28 14:52:20+08', '$44.00', 'open', '2017-11-09 00:58:32+08', '2017-11-07 14:38:51+08');
INSERT INTO tasks (id, name, owner_email, description, category, postal_code, address, start_datetime, end_datetime, suggested_price, status, bidding_deadline, datetime_updated) VALUES (111, 'putting together chair', 'mspeake6@feedburner.com', 'need help putting together my working chair', 'Furniture Assembly', '765332', 'sembawang vista', '2017-12-01 17:04:23+08', '2017-12-27 13:22:20+08', '$31.00', 'open', '2017-11-07 09:35:05+08', '2017-11-08 01:23:54+08');
INSERT INTO tasks (id, name, owner_email, description, category, postal_code, address, start_datetime, end_datetime, suggested_price, status, bidding_deadline, datetime_updated) VALUES (55, 'Karly Oxenden', 'koxenden4@sourceforge.net', 'looking for people with right skillset to enquire about home improvement will lean towards with better rating', 'Home Improvement', '750123', 'chua chu kang vinsten', '2017-11-30 04:30:31+08', '2017-12-23 11:41:19+08', '$78.00', 'bidding_closed', '2017-11-02 16:27:47+08', '2017-11-03 19:40:59+08');
INSERT INTO tasks (id, name, owner_email, description, category, postal_code, address, start_datetime, end_datetime, suggested_price, status, bidding_deadline, datetime_updated) VALUES (59, 'Darrick Gaskin', 'dgaskin8@tmall.com', 'looking for skillful hand to help me mount my new tv on my wall expected 1hr work', 'Home Improvement', '756311', 'ang mo koi st11', '2017-11-10 23:12:55+08', '2017-12-20 23:14:23+08', '$25.00', 'closed', '2017-11-05 05:57:37+08', '2017-11-01 08:01:59+08');
INSERT INTO tasks (id, name, owner_email, description, category, postal_code, address, start_datetime, end_datetime, suggested_price, status, bidding_deadline, datetime_updated) VALUES (77, 'clean new house', 'mspeake6@feedburner.com', 'Expected 3 hr to help clean help required just move into my new house need an extra hand.', 'House Cleaning', '765332', 'sembawang vista', '2017-11-10 23:12:55+08', '2017-12-17 05:53:38+08', '$43.00', 'bidding_closed', '2017-11-05 08:54:54+08', '2017-11-02 07:00:20+08');
INSERT INTO tasks (id, name, owner_email, description, category, postal_code, address, start_datetime, end_datetime, suggested_price, status, bidding_deadline, datetime_updated) VALUES (81, 'minor repair of table', 'kceresa0@nyu.edu', 'the task require an estimated 2hr work of repairing my dining table.', 'Minor Repair', '760331', 'yishun street 21', '2017-11-05 14:58:48+08', '2017-12-15 04:35:57+08', '$23.00', 'closed', '2017-11-04 07:59:45+08', '2017-11-07 11:45:47+08');
INSERT INTO tasks (id, name, owner_email, description, category, postal_code, address, start_datetime, end_datetime, suggested_price, status, bidding_deadline, datetime_updated) VALUES (82, 'repair of desk', 'kbuchan1@hugedomains.com', 'repairing of my desk estimated 1 hr work', 'Minor Repair', '751246', 'sembawang vista', '2017-11-09 12:52:58+08', '2017-12-27 04:23:05+08', '$77.00', 'bidding_closed', '2017-11-02 18:31:37+08', '2017-11-09 15:19:59+08');
INSERT INTO tasks (id, name, owner_email, description, category, postal_code, address, start_datetime, end_datetime, suggested_price, status, bidding_deadline, datetime_updated) VALUES (83, 'repair laptop', 'jstaining2@shareasale.com', 'looking for efficient and cheap hand to help me repair my laptop', 'Minor Repair', '751234', 'woodlands vista', '2017-11-11 04:31:29+08', '2017-12-20 17:22:43+08', '$89.00', 'bidding_closed', '2017-11-04 23:54:12+08', '2017-11-09 23:02:17+08');
INSERT INTO tasks (id, name, owner_email, description, category, postal_code, address, start_datetime, end_datetime, suggested_price, status, bidding_deadline, datetime_updated) VALUES (114, 'put together a desk', 'fvelez9@rediff.com', 'task require knowledge on how to put together my desk estimated 2 hr will lean towards cheaper bids', 'Furniture Assembly', '753331', 'chua chu kang vinsten', '2017-11-11 19:31:36+08', '2017-12-28 19:33:32+08', '$22.00', 'open', '2017-11-05 19:39:21+08', '2017-11-08 09:41:26+08');
INSERT INTO tasks (id, name, owner_email, description, category, postal_code, address, start_datetime, end_datetime, suggested_price, status, bidding_deadline, datetime_updated) VALUES (85, 'repair damaged bed frame', 'koxenden4@sourceforge.net', 'bed frame is damaged need help fixing it.', 'Minor Repair', '750123', 'chua chu kang vinsten', '2017-11-06 01:56:30+08', '2017-12-23 17:48:11+08', '$3.00', 'closed', '2017-11-05 10:01:37+08', '2017-11-01 07:22:06+08');
INSERT INTO tasks (id, name, owner_email, description, category, postal_code, address, start_datetime, end_datetime, suggested_price, status, bidding_deadline, datetime_updated) VALUES (102, 'putting together computer', 'kbuchan1@hugedomains.com', 'need help putting together my computer chair', 'Furniture Assembly', '751246', 'sembawang vista', '2017-11-30 00:00:00+08', '2017-12-27 10:14:37+08', '$60.00', 'bidding_closed', '2017-10-04 00:00:00+08', '2017-11-06 18:02:34+08');
INSERT INTO tasks (id, name, owner_email, description, category, postal_code, address, start_datetime, end_datetime, suggested_price, status, bidding_deadline, datetime_updated) VALUES (109, 'assebly my desk', 'koxenden4@sourceforge.net', 'task require knowledge on how to put together my desk estimated 2 hr', 'Furniture Assembly', '750123', 'chua chu kang vinsten', '2017-11-29 18:49:38+08', '2017-12-25 12:47:13+08', '$98.00', 'closed', '2017-11-04 07:52:22+08', '2017-11-06 23:35:31+08');
INSERT INTO tasks (id, name, owner_email, description, category, postal_code, address, start_datetime, end_datetime, suggested_price, status, bidding_deadline, datetime_updated) VALUES (112, 'setup computer chair', 'rtunnah7@smh.com.au', 'looking for help to setup my newly bought computer chair', 'Furniture Assembly', '756321', 'woodlands vista', '2017-11-09 07:55:31+08', '2017-12-26 02:52:53+08', '$20.00', 'closed', '2017-11-05 10:24:29+08', '2017-11-03 18:53:56+08');
INSERT INTO tasks (id, name, owner_email, description, category, postal_code, address, start_datetime, end_datetime, suggested_price, status, bidding_deadline, datetime_updated) VALUES (115, 'building shelf', 'kceresa0@nyu.edu', 'need help building up my shelf from ikea', 'Furniture Assembly', '760331', 'yishun street 21', '2017-11-29 18:49:38+08', '2017-12-23 07:22:40+08', '$51.00', 'closed', '2017-11-05 14:23:43+08', '2017-11-04 03:26:47+08');
INSERT INTO tasks (id, name, owner_email, description, category, postal_code, address, start_datetime, end_datetime, suggested_price, status, bidding_deadline, datetime_updated) VALUES (117, 'putting together bed frame', 'jstaining2@shareasale.com', 'task require help from a person confident on putting together my bed frame', 'Furniture Assembly', '751234', 'woodlands vista', '2017-11-09 03:20:55+08', '2017-12-31 19:13:38+08', '$93.00', 'bidding_closed', '2017-11-05 00:06:41+08', '2017-11-09 07:33:54+08');
INSERT INTO tasks (id, name, owner_email, description, category, postal_code, address, start_datetime, end_datetime, suggested_price, status, bidding_deadline, datetime_updated) VALUES (118, 'mount mirror', 'nadamolli3@feedburner.com', 'help mount my new mirror on my bed room wall', 'Furniture Assembly', '752213', 'ang mo koi st11', '2017-11-29 18:49:38+08', '2017-12-15 14:20:45+08', '$39.00', 'bidding_closed', '2017-11-03 10:33:29+08', '2017-11-04 22:38:14+08');
INSERT INTO tasks (id, name, owner_email, description, category, postal_code, address, start_datetime, end_datetime, suggested_price, status, bidding_deadline, datetime_updated) VALUES (119, 'assebly my desk', 'koxenden4@sourceforge.net', 'task require knowledge on how to put together my desk estimated 2 hr', 'Furniture Assembly', '750123', 'chua chu kang vinsten', '2017-11-29 18:49:38+08', '2017-12-18 03:09:05+08', '$20.00', 'closed', '2017-11-05 01:21:51+08', '2017-11-09 14:38:36+08');
INSERT INTO tasks (id, name, owner_email, description, category, postal_code, address, start_datetime, end_datetime, suggested_price, status, bidding_deadline, datetime_updated) VALUES (124, 'put together a desk', 'fvelez9@rediff.com', 'task require knowledge on how to put together my desk estimated 2 hr will lean towards cheaper bids', 'Furniture Assembly', '753331', 'chua chu kang vinsten', '2017-11-29 18:49:38+08', '2017-12-31 13:13:05+08', '$13.00', 'closed', '2017-11-04 04:19:18+08', '2017-11-08 09:50:42+08');
INSERT INTO tasks (id, name, owner_email, description, category, postal_code, address, start_datetime, end_datetime, suggested_price, status, bidding_deadline, datetime_updated) VALUES (86, 'repair dining table', 'asancraft5@hubpages.com', 'This task require repairing my dining table and some other minor repairs.', 'Minor Repair', '756321', 'yishun street 21', '2017-11-04 08:24:09+08', '2017-12-22 10:33:00+08', '$57.00', 'closed', '2017-11-02 02:56:49+08', '2017-11-09 19:00:47+08');
INSERT INTO tasks (id, name, owner_email, description, category, postal_code, address, start_datetime, end_datetime, suggested_price, status, bidding_deadline, datetime_updated) VALUES (87, 'minior repair of desk', 'mspeake6@feedburner.com', 'repairing of my desk need help fixing it would expect it to finish in an hour', 'Minor Repair', '765332', 'sembawang vista', '2017-11-04 00:54:49+08', '2017-12-24 02:18:21+08', '$74.00', 'closed', '2017-11-03 00:01:10+08', '2017-11-08 00:13:35+08');
INSERT INTO tasks (id, name, owner_email, description, category, postal_code, address, start_datetime, end_datetime, suggested_price, status, bidding_deadline, datetime_updated) VALUES (99, 'repair wall', 'dgaskin8@tmall.com', 'after accidentally damaging my wall with a drill now looking for help repairing it.', 'Minor Repair', '756311', 'ang mo koi st11', '2017-11-03 13:35:39+08', '2017-12-26 09:41:23+08', '$84.00', 'closed', '2017-11-01 23:29:01+08', '2017-11-08 12:56:52+08');
INSERT INTO tasks (id, name, owner_email, description, category, postal_code, address, start_datetime, end_datetime, suggested_price, status, bidding_deadline, datetime_updated) VALUES (127, 'repair laptop', 'jstaining2@shareasale.com', 'looking for efficient and cheap hand to help me repair my laptop', 'Minor Repair', '751234', 'woodlands vista', '2017-11-29 18:49:38+08', '2017-12-16 11:11:30+08', '$72.00', 'bidding_closed', '2017-11-02 17:10:20+08', '2017-11-04 07:28:54+08');
INSERT INTO tasks (id, name, owner_email, description, category, postal_code, address, start_datetime, end_datetime, suggested_price, status, bidding_deadline, datetime_updated) VALUES (147, 'help moving package', 'jstaining2@shareasale.com', 'looking for help to carry my package for moving', 'Moving and Packing', '751234', 'woodlands vista', '2017-11-29 18:49:38+08', '2017-12-17 03:36:24+08', '$92.00', 'bidding_closed', '2017-11-02 17:10:20+08', '2017-11-04 23:29:33+08');
INSERT INTO tasks (id, name, owner_email, description, category, postal_code, address, start_datetime, end_datetime, suggested_price, status, bidding_deadline, datetime_updated) VALUES (151, 'help moving', 'mspeake6@feedburner.com', 'task require person to be able to carry a load of 5 kg or bring another helper to do the same amount of work', 'Moving and Packing', '765332', 'sembawang vista', '2017-11-29 18:49:38+08', '2017-12-27 10:15:39+08', '$63.00', 'bidding_closed', '2017-11-02 17:10:20+08', '2017-11-07 05:51:12+08');
INSERT INTO tasks (id, name, owner_email, description, category, postal_code, address, start_datetime, end_datetime, suggested_price, status, bidding_deadline, datetime_updated) VALUES (125, 'minor repair of table', 'kceresa0@nyu.edu', 'the task require an estimated 2hr work of repairing my dining table.', 'Minor Repair', '760331', 'yishun street 21', '2017-11-29 18:49:38+08', '2017-12-31 15:17:22+08', '$42.00', 'assigned', '2017-11-02 17:10:20+08', '2017-11-05 11:19:03+08');
INSERT INTO tasks (id, name, owner_email, description, category, postal_code, address, start_datetime, end_datetime, suggested_price, status, bidding_deadline, datetime_updated) VALUES (143, 'moving package', 'dgaskin8@tmall.com', 'looking for 2 people to help carry stuff into the lorry estimated 2 hr', 'Moving and Packing', '756311', 'ang mo koi st11', '2017-11-29 18:49:38+08', '2017-12-31 18:57:05+08', '$62.00', 'assigned', '2017-11-02 17:10:20+08', '2017-11-03 00:08:49+08');
INSERT INTO tasks (id, name, owner_email, description, category, postal_code, address, start_datetime, end_datetime, suggested_price, status, bidding_deadline, datetime_updated) VALUES (134, 'minior repair of bed frame', 'fvelez9@rediff.com', 'bed frame is damaged need help fixing it.', 'Minor Repair', '753331', 'chua chu kang vinsten', '2017-11-06 18:22:48+08', '2017-12-22 15:42:19+08', '$2.00', 'assigned', '2017-11-02 17:10:20+08', '2017-11-02 14:36:22+08');
INSERT INTO tasks (id, name, owner_email, description, category, postal_code, address, start_datetime, end_datetime, suggested_price, status, bidding_deadline, datetime_updated) VALUES (139, 'help moving 200kg worth of package', 'koxenden4@sourceforge.net', 'help carrying 200kg worth of stuff', 'Moving and Packing', '750123', 'chua chu kang vinsten', '2017-11-29 18:49:38+08', '2017-12-31 08:06:55+08', '$36.00', 'assigned', '2017-11-02 17:10:20+08', '2017-11-03 00:57:37+08');


ALTER SEQUENCE tasks_id_seq RESTART WITH 218;

delete from bid_task;
INSERT INTO bid_task (bidder_email, task_id, bid_amount, bid_time, is_winner) VALUES ('kbuchan1@hugedomains.com', 104, '$8.10', '2017-11-06 22:15:12+08', false);
INSERT INTO bid_task (bidder_email, task_id, bid_amount, bid_time, is_winner) VALUES ('jstaining2@shareasale.com', 104, '$0.45', '2017-11-01 05:45:43+08', false);
INSERT INTO bid_task (bidder_email, task_id, bid_amount, bid_time, is_winner) VALUES ('nadamolli3@feedburner.com', 104, '$9.22', '2017-11-01 03:48:44+08', true);
INSERT INTO bid_task (bidder_email, task_id, bid_amount, bid_time, is_winner) VALUES ('kbuchan1@hugedomains.com', 1, '$87.00', '2016-11-06 22:40:45+08', false);
INSERT INTO bid_task (bidder_email, task_id, bid_amount, bid_time, is_winner) VALUES ('jstaining2@shareasale.com', 1, '$48.00', '2017-01-31 22:09:29+08', false);
INSERT INTO bid_task (bidder_email, task_id, bid_amount, bid_time, is_winner) VALUES ('nadamolli3@feedburner.com', 1, '$46.00', '2017-09-10 14:53:20+08', false);
INSERT INTO bid_task (bidder_email, task_id, bid_amount, bid_time, is_winner) VALUES ('kceresa0@nyu.edu', 2, '$56.00', '2017-03-15 00:09:13+08', false);
INSERT INTO bid_task (bidder_email, task_id, bid_amount, bid_time, is_winner) VALUES ('jstaining2@shareasale.com', 2, '$96.00', '2017-04-13 19:36:35+08', false);
INSERT INTO bid_task (bidder_email, task_id, bid_amount, bid_time, is_winner) VALUES ('nadamolli3@feedburner.com', 2, '$39.00', '2017-07-26 15:38:33+08', false);
INSERT INTO bid_task (bidder_email, task_id, bid_amount, bid_time, is_winner) VALUES ('asancraft5@hubpages.com', 3, '$61.00', '2017-01-17 14:01:08+08', false);
INSERT INTO bid_task (bidder_email, task_id, bid_amount, bid_time, is_winner) VALUES ('dgaskin8@tmall.com', 3, '$98.00', '2017-04-27 11:12:19+08', false);
INSERT INTO bid_task (bidder_email, task_id, bid_amount, bid_time, is_winner) VALUES ('mspeake6@feedburner.com', 3, '$3.00', '2017-09-12 06:26:40+08', false);
INSERT INTO bid_task (bidder_email, task_id, bid_amount, bid_time, is_winner) VALUES ('koxenden4@sourceforge.net', 3, '$17.00', '2017-01-12 23:55:49+08', false);
INSERT INTO bid_task (bidder_email, task_id, bid_amount, bid_time, is_winner) VALUES ('rtunnah7@smh.com.au', 4, '$36.00', '2017-08-29 16:17:54+08', false);
INSERT INTO bid_task (bidder_email, task_id, bid_amount, bid_time, is_winner) VALUES ('kceresa0@nyu.edu', 4, '$3.00', '2017-10-28 11:48:07+08', false);
INSERT INTO bid_task (bidder_email, task_id, bid_amount, bid_time, is_winner) VALUES ('dgaskin8@tmall.com', 4, '$97.00', '2016-12-15 15:09:12+08', false);
INSERT INTO bid_task (bidder_email, task_id, bid_amount, bid_time, is_winner) VALUES ('jstaining2@shareasale.com', 4, '$54.00', '2017-04-20 21:37:00+08', false);
INSERT INTO bid_task (bidder_email, task_id, bid_amount, bid_time, is_winner) VALUES ('asancraft5@hubpages.com', 5, '$79.00', '2017-05-11 20:30:44+08', false);
INSERT INTO bid_task (bidder_email, task_id, bid_amount, bid_time, is_winner) VALUES ('kbuchan1@hugedomains.com', 5, '$78.00', '2017-10-14 14:28:06+08', false);
INSERT INTO bid_task (bidder_email, task_id, bid_amount, bid_time, is_winner) VALUES ('dgaskin8@tmall.com', 5, '$85.00', '2017-04-26 01:31:13+08', false);
INSERT INTO bid_task (bidder_email, task_id, bid_amount, bid_time, is_winner) VALUES ('rtunnah7@smh.com.au', 5, '$50.00', '2017-10-01 09:28:41+08', false);
INSERT INTO bid_task (bidder_email, task_id, bid_amount, bid_time, is_winner) VALUES ('jstaining2@shareasale.com', 6, '$18.00', '2017-01-30 13:02:44+08', true);
INSERT INTO bid_task (bidder_email, task_id, bid_amount, bid_time, is_winner) VALUES ('nadamolli3@feedburner.com', 6, '$56.00', '2017-03-31 03:42:46+08', false);
INSERT INTO bid_task (bidder_email, task_id, bid_amount, bid_time, is_winner) VALUES ('kceresa0@nyu.edu', 6, '$6.00', '2017-03-09 06:03:54+08', false);
INSERT INTO bid_task (bidder_email, task_id, bid_amount, bid_time, is_winner) VALUES ('kbuchan1@hugedomains.com', 6, '$75.00', '2017-10-30 00:54:52+08', false);
INSERT INTO bid_task (bidder_email, task_id, bid_amount, bid_time, is_winner) VALUES ('kbuchan1@hugedomains.com', 7, '$75.00', '2017-05-25 21:16:58+08', false);
INSERT INTO bid_task (bidder_email, task_id, bid_amount, bid_time, is_winner) VALUES ('kceresa0@nyu.edu', 7, '$94.00', '2017-02-03 11:44:07+08', true);
INSERT INTO bid_task (bidder_email, task_id, bid_amount, bid_time, is_winner) VALUES ('koxenden4@sourceforge.net', 8, '$17.00', '2017-07-15 23:16:19+08', false);
INSERT INTO bid_task (bidder_email, task_id, bid_amount, bid_time, is_winner) VALUES ('kbuchan1@hugedomains.com', 8, '$15.00', '2017-02-01 13:45:06+08', false);
INSERT INTO bid_task (bidder_email, task_id, bid_amount, bid_time, is_winner) VALUES ('nadamolli3@feedburner.com', 8, '$94.00', '2017-05-24 11:59:03+08', true);
INSERT INTO bid_task (bidder_email, task_id, bid_amount, bid_time, is_winner) VALUES ('fvelez9@rediff.com', 9, '$10.00', '2017-11-01 22:30:54+08', false);
INSERT INTO bid_task (bidder_email, task_id, bid_amount, bid_time, is_winner) VALUES ('kbuchan1@hugedomains.com', 9, '$13.00', '2017-11-01 00:11:18+08', false);
INSERT INTO bid_task (bidder_email, task_id, bid_amount, bid_time, is_winner) VALUES ('nadamolli3@feedburner.com', 9, '$69.00', '2017-11-01 11:07:22+08', true);
INSERT INTO bid_task (bidder_email, task_id, bid_amount, bid_time, is_winner) VALUES ('asancraft5@hubpages.com', 10, '$56.00', '2017-11-01 00:33:47+08', true);
INSERT INTO bid_task (bidder_email, task_id, bid_amount, bid_time, is_winner) VALUES ('kceresa0@nyu.edu', 10, '$18.00', '2017-11-01 08:17:08+08', false);
INSERT INTO bid_task (bidder_email, task_id, bid_amount, bid_time, is_winner) VALUES ('nadamolli3@feedburner.com', 10, '$37.00', '2017-11-01 16:52:06+08', false);
INSERT INTO bid_task (bidder_email, task_id, bid_amount, bid_time, is_winner) VALUES ('fvelez9@rediff.com', 101, '$63.00', '2017-11-01 20:59:45+08', false);
INSERT INTO bid_task (bidder_email, task_id, bid_amount, bid_time, is_winner) VALUES ('kbuchan1@hugedomains.com', 101, '$82.00', '2017-11-01 02:22:28+08', false);
INSERT INTO bid_task (bidder_email, task_id, bid_amount, bid_time, is_winner) VALUES ('rtunnah7@smh.com.au', 102, '$21.00', '2017-11-01 03:11:34+08', false);
INSERT INTO bid_task (bidder_email, task_id, bid_amount, bid_time, is_winner) VALUES ('mspeake6@feedburner.com', 102, '$50.00', '2017-11-01 00:28:45+08', false);
INSERT INTO bid_task (bidder_email, task_id, bid_amount, bid_time, is_winner) VALUES ('koxenden4@sourceforge.net', 102, '$46.00', '2017-11-01 11:05:48+08', false);
INSERT INTO bid_task (bidder_email, task_id, bid_amount, bid_time, is_winner) VALUES ('mspeake6@feedburner.com', 103, '$56.00', '2017-11-01 14:59:22+08', false);
INSERT INTO bid_task (bidder_email, task_id, bid_amount, bid_time, is_winner) VALUES ('koxenden4@sourceforge.net', 103, '$8.00', '2017-11-01 00:17:19+08', false);
INSERT INTO bid_task (bidder_email, task_id, bid_amount, bid_time, is_winner) VALUES ('rtunnah7@smh.com.au', 103, '$65.00', '2017-11-01 12:29:09+08', false);
INSERT INTO bid_task (bidder_email, task_id, bid_amount, bid_time, is_winner) VALUES ('koxenden4@sourceforge.net', 106, '$72.00', '2017-11-01 05:04:30+08', true);
INSERT INTO bid_task (bidder_email, task_id, bid_amount, bid_time, is_winner) VALUES ('nadamolli3@feedburner.com', 106, '$43.00', '2017-11-01 23:44:23+08', false);
INSERT INTO bid_task (bidder_email, task_id, bid_amount, bid_time, is_winner) VALUES ('kceresa0@nyu.edu', 106, '$100.00', '2017-11-01 04:45:08+08', false);
INSERT INTO bid_task (bidder_email, task_id, bid_amount, bid_time, is_winner) VALUES ('mspeake6@feedburner.com', 116, '$100.00', '2017-11-01 05:04:30+08', true);
INSERT INTO bid_task (bidder_email, task_id, bid_amount, bid_time, is_winner) VALUES ('koxenden4@sourceforge.net', 133, '$43.00', '2017-11-01 12:29:09+08', true);
INSERT INTO bid_task (bidder_email, task_id, bid_amount, bid_time, is_winner) VALUES ('kceresa0@nyu.edu', 132, '$50.00', '2017-11-01 12:29:09+08', false);
INSERT INTO bid_task (bidder_email, task_id, bid_amount, bid_time, is_winner) VALUES ('nadamolli3@feedburner.com', 129, '$37.00', '2017-11-01 12:29:09+08', false);
INSERT INTO bid_task (bidder_email, task_id, bid_amount, bid_time, is_winner) VALUES ('nadamolli3@feedburner.com', 128, '$37.00', '2017-11-01 12:29:09+08', false);
INSERT INTO bid_task (bidder_email, task_id, bid_amount, bid_time, is_winner) VALUES ('nadamolli3@feedburner.com', 131, '$100.00', '2017-11-01 12:29:09+08', false);
INSERT INTO bid_task (bidder_email, task_id, bid_amount, bid_time, is_winner) VALUES ('nadamolli3@feedburner.com', 130, '$100.00', '2017-11-01 12:29:09+08', false);
INSERT INTO bid_task (bidder_email, task_id, bid_amount, bid_time, is_winner) VALUES ('koxenden4@sourceforge.net', 125, '$50.00', '2017-11-01 12:29:09+08', true);
INSERT INTO bid_task (bidder_email, task_id, bid_amount, bid_time, is_winner) VALUES ('rtunnah7@smh.com.au', 126, '$21.00', '2017-11-01 12:29:09+08', false);
INSERT INTO bid_task (bidder_email, task_id, bid_amount, bid_time, is_winner) VALUES ('jstaining2@shareasale.com', 126, '$37.00', '2017-11-01 12:29:09+08', false);
INSERT INTO bid_task (bidder_email, task_id, bid_amount, bid_time, is_winner) VALUES ('nadamolli3@feedburner.com', 136, '$66.00', '2017-04-01 11:51:06+08', false);
INSERT INTO bid_task (bidder_email, task_id, bid_amount, bid_time, is_winner) VALUES ('fvelez9@rediff.com', 136, '$56.00', '2016-12-23 14:54:21+08', false);
INSERT INTO bid_task (bidder_email, task_id, bid_amount, bid_time, is_winner) VALUES ('asancraft5@hubpages.com', 136, '$39.00', '2017-04-23 17:54:43+08', false);
INSERT INTO bid_task (bidder_email, task_id, bid_amount, bid_time, is_winner) VALUES ('mspeake6@feedburner.com', 136, '$41.00', '2016-12-20 12:19:09+08', false);
INSERT INTO bid_task (bidder_email, task_id, bid_amount, bid_time, is_winner) VALUES ('koxenden4@sourceforge.net', 136, '$33.00', '2017-01-21 07:50:09+08', false);
INSERT INTO bid_task (bidder_email, task_id, bid_amount, bid_time, is_winner) VALUES ('asancraft5@hubpages.com', 137, '$20.00', '2017-08-09 20:07:37+08', false);
INSERT INTO bid_task (bidder_email, task_id, bid_amount, bid_time, is_winner) VALUES ('kbuchan1@hugedomains.com', 135, '$77.00', '2017-10-31 21:57:32+08', true);
INSERT INTO bid_task (bidder_email, task_id, bid_amount, bid_time, is_winner) VALUES ('rtunnah7@smh.com.au', 137, '$60.00', '2017-07-29 18:56:42+08', false);
INSERT INTO bid_task (bidder_email, task_id, bid_amount, bid_time, is_winner) VALUES ('kbuchan1@hugedomains.com', 137, '$18.00', '2017-01-26 21:20:12+08', false);
INSERT INTO bid_task (bidder_email, task_id, bid_amount, bid_time, is_winner) VALUES ('dgaskin8@tmall.com', 137, '$65.00', '2017-10-31 05:33:37+08', false);
INSERT INTO bid_task (bidder_email, task_id, bid_amount, bid_time, is_winner) VALUES ('mspeake6@feedburner.com', 137, '$85.00', '2017-07-06 09:18:45+08', false);
INSERT INTO bid_task (bidder_email, task_id, bid_amount, bid_time, is_winner) VALUES ('koxenden4@sourceforge.net', 138, '$83.00', '2017-07-18 16:51:33+08', false);
INSERT INTO bid_task (bidder_email, task_id, bid_amount, bid_time, is_winner) VALUES ('jstaining2@shareasale.com', 138, '$98.00', '2017-10-01 11:21:59+08', false);
INSERT INTO bid_task (bidder_email, task_id, bid_amount, bid_time, is_winner) VALUES ('mspeake6@feedburner.com', 138, '$84.00', '2017-08-02 14:03:34+08', false);
INSERT INTO bid_task (bidder_email, task_id, bid_amount, bid_time, is_winner) VALUES ('rtunnah7@smh.com.au', 138, '$59.00', '2017-05-26 00:10:38+08', false);
INSERT INTO bid_task (bidder_email, task_id, bid_amount, bid_time, is_winner) VALUES ('asancraft5@hubpages.com', 138, '$73.00', '2017-10-10 06:25:01+08', false);
INSERT INTO bid_task (bidder_email, task_id, bid_amount, bid_time, is_winner) VALUES ('dgaskin8@tmall.com', 140, '$55.00', '2017-05-24 20:08:11+08', false);
INSERT INTO bid_task (bidder_email, task_id, bid_amount, bid_time, is_winner) VALUES ('asancraft5@hubpages.com', 140, '$70.00', '2016-12-01 04:06:31+08', false);
INSERT INTO bid_task (bidder_email, task_id, bid_amount, bid_time, is_winner) VALUES ('koxenden4@sourceforge.net', 140, '$10.00', '2017-04-03 06:30:26+08', false);
INSERT INTO bid_task (bidder_email, task_id, bid_amount, bid_time, is_winner) VALUES ('kbuchan1@hugedomains.com', 140, '$19.00', '2017-09-08 17:24:39+08', true);
INSERT INTO bid_task (bidder_email, task_id, bid_amount, bid_time, is_winner) VALUES ('kbuchan1@hugedomains.com', 141, '$26.00', '2017-08-13 17:32:27+08', false);
INSERT INTO bid_task (bidder_email, task_id, bid_amount, bid_time, is_winner) VALUES ('mspeake6@feedburner.com', 141, '$87.00', '2017-08-13 06:21:43+08', false);
INSERT INTO bid_task (bidder_email, task_id, bid_amount, bid_time, is_winner) VALUES ('fvelez9@rediff.com', 141, '$83.00', '2017-05-07 23:39:09+08', false);
INSERT INTO bid_task (bidder_email, task_id, bid_amount, bid_time, is_winner) VALUES ('rtunnah7@smh.com.au', 141, '$28.00', '2017-06-13 02:29:31+08', false);
INSERT INTO bid_task (bidder_email, task_id, bid_amount, bid_time, is_winner) VALUES ('koxenden4@sourceforge.net', 142, '$94.00', '2017-07-20 06:15:42+08', false);
INSERT INTO bid_task (bidder_email, task_id, bid_amount, bid_time, is_winner) VALUES ('rtunnah7@smh.com.au', 142, '$20.00', '2017-04-19 01:53:40+08', false);
INSERT INTO bid_task (bidder_email, task_id, bid_amount, bid_time, is_winner) VALUES ('nadamolli3@feedburner.com', 135, '$34.00', '2017-10-14 03:02:18+08', false);
INSERT INTO bid_task (bidder_email, task_id, bid_amount, bid_time, is_winner) VALUES ('asancraft5@hubpages.com', 135, '$27.00', '2017-05-05 18:12:43+08', false);
INSERT INTO bid_task (bidder_email, task_id, bid_amount, bid_time, is_winner) VALUES ('koxenden4@sourceforge.net', 135, '$57.00', '2017-10-24 03:09:17+08', false);
INSERT INTO bid_task (bidder_email, task_id, bid_amount, bid_time, is_winner) VALUES ('rtunnah7@smh.com.au', 135, '$8.00', '2017-02-06 01:22:21+08', false);
INSERT INTO bid_task (bidder_email, task_id, bid_amount, bid_time, is_winner) VALUES ('nadamolli3@feedburner.com', 142, '$72.00', '2017-04-18 23:16:18+08', false);
INSERT INTO bid_task (bidder_email, task_id, bid_amount, bid_time, is_winner) VALUES ('mspeake6@feedburner.com', 142, '$16.00', '2017-01-02 01:35:56+08', false);
INSERT INTO bid_task (bidder_email, task_id, bid_amount, bid_time, is_winner) VALUES ('kbuchan1@hugedomains.com', 143, '$74.00', '2017-09-03 05:11:48+08', false);
INSERT INTO bid_task (bidder_email, task_id, bid_amount, bid_time, is_winner) VALUES ('jstaining2@shareasale.com', 143, '$75.00', '2017-07-17 21:45:21+08', false);
INSERT INTO bid_task (bidder_email, task_id, bid_amount, bid_time, is_winner) VALUES ('dgaskin8@tmall.com', 143, '$99.00', '2017-08-12 04:30:18+08', true);
INSERT INTO bid_task (bidder_email, task_id, bid_amount, bid_time, is_winner) VALUES ('koxenden4@sourceforge.net', 127, '$50.00', '2017-11-05 16:24:33.457993+08', true);
INSERT INTO bid_task (bidder_email, task_id, bid_amount, bid_time, is_winner) VALUES ('rtunnah7@smh.com.au', 134, '$69.00', '2017-11-01 12:29:09+08', true);
INSERT INTO bid_task (bidder_email, task_id, bid_amount, bid_time, is_winner) VALUES ('jstaining2@shareasale.com', 101, '$36.00', '2017-11-01 02:42:02+08', true);
INSERT INTO bid_task (bidder_email, task_id, bid_amount, bid_time, is_winner) VALUES ('asancraft5@hubpages.com', 104, '$5.46', '2017-11-01 12:52:44+08', true);
INSERT INTO bid_task (bidder_email, task_id, bid_amount, bid_time, is_winner) VALUES ('kbuchan1@hugedomains.com', 142, '$67.00', '2016-12-27 08:20:16+08', true);
INSERT INTO bid_task (bidder_email, task_id, bid_amount, bid_time, is_winner) VALUES ('mspeake6@feedburner.com', 143, '$30.00', '2017-11-05 16:27:17.72632+08', true);
INSERT INTO bid_task (bidder_email, task_id, bid_amount, bid_time, is_winner) VALUES ('kbuchan1@hugedomains.com', 144, '$38.00', '2017-05-28 07:14:49+08', false);
INSERT INTO bid_task (bidder_email, task_id, bid_amount, bid_time, is_winner) VALUES ('rtunnah7@smh.com.au', 144, '$93.00', '2016-11-16 06:57:13+08', true);
INSERT INTO bid_task (bidder_email, task_id, bid_amount, bid_time, is_winner) VALUES ('koxenden4@sourceforge.net', 145, '$60.00', '2017-08-27 07:23:33+08', false);
INSERT INTO bid_task (bidder_email, task_id, bid_amount, bid_time, is_winner) VALUES ('fvelez9@rediff.com', 145, '$69.00', '2017-10-16 02:04:52+08', false);
INSERT INTO bid_task (bidder_email, task_id, bid_amount, bid_time, is_winner) VALUES ('dgaskin8@tmall.com', 145, '$90.00', '2017-06-17 21:41:40+08', false);
INSERT INTO bid_task (bidder_email, task_id, bid_amount, bid_time, is_winner) VALUES ('jstaining2@shareasale.com', 145, '$76.00', '2017-08-03 20:22:08+08', false);
INSERT INTO bid_task (bidder_email, task_id, bid_amount, bid_time, is_winner) VALUES ('jstaining2@shareasale.com', 146, '$35.00', '2017-06-24 16:15:38+08', false);
INSERT INTO bid_task (bidder_email, task_id, bid_amount, bid_time, is_winner) VALUES ('kbuchan1@hugedomains.com', 146, '$67.00', '2017-04-15 12:37:55+08', false);
INSERT INTO bid_task (bidder_email, task_id, bid_amount, bid_time, is_winner) VALUES ('rtunnah7@smh.com.au', 146, '$51.00', '2017-07-03 09:11:59+08', false);
INSERT INTO bid_task (bidder_email, task_id, bid_amount, bid_time, is_winner) VALUES ('asancraft5@hubpages.com', 146, '$39.00', '2017-03-08 20:57:17+08', false);
INSERT INTO bid_task (bidder_email, task_id, bid_amount, bid_time, is_winner) VALUES ('mspeake6@feedburner.com', 147, '$44.00', '2017-01-02 22:45:39+08', false);
INSERT INTO bid_task (bidder_email, task_id, bid_amount, bid_time, is_winner) VALUES ('koxenden4@sourceforge.net', 147, '$99.00', '2017-03-06 18:59:46+08', false);
INSERT INTO bid_task (bidder_email, task_id, bid_amount, bid_time, is_winner) VALUES ('nadamolli3@feedburner.com', 147, '$28.00', '2016-12-21 17:28:07+08', true);
INSERT INTO bid_task (bidder_email, task_id, bid_amount, bid_time, is_winner) VALUES ('koxenden4@sourceforge.net', 148, '$36.00', '2017-01-28 16:29:39+08', false);
INSERT INTO bid_task (bidder_email, task_id, bid_amount, bid_time, is_winner) VALUES ('jstaining2@shareasale.com', 148, '$2.00', '2017-01-12 18:05:18+08', false);
INSERT INTO bid_task (bidder_email, task_id, bid_amount, bid_time, is_winner) VALUES ('fvelez9@rediff.com', 148, '$75.00', '2017-09-18 23:23:33+08', false);
INSERT INTO bid_task (bidder_email, task_id, bid_amount, bid_time, is_winner) VALUES ('kbuchan1@hugedomains.com', 148, '$34.00', '2017-06-19 16:35:07+08', false);
INSERT INTO bid_task (bidder_email, task_id, bid_amount, bid_time, is_winner) VALUES ('rtunnah7@smh.com.au', 148, '$93.00', '2016-12-15 18:36:25+08', false);
INSERT INTO bid_task (bidder_email, task_id, bid_amount, bid_time, is_winner) VALUES ('dgaskin8@tmall.com', 148, '$98.00', '2016-12-17 12:03:22+08', true);
INSERT INTO bid_task (bidder_email, task_id, bid_amount, bid_time, is_winner) VALUES ('kbuchan1@hugedomains.com', 150, '$37.00', '2017-02-20 06:59:20+08', false);
INSERT INTO bid_task (bidder_email, task_id, bid_amount, bid_time, is_winner) VALUES ('nadamolli3@feedburner.com', 150, '$69.00', '2017-04-07 08:00:37+08', false);
INSERT INTO bid_task (bidder_email, task_id, bid_amount, bid_time, is_winner) VALUES ('dgaskin8@tmall.com', 150, '$64.00', '2017-04-25 10:28:24+08', false);
INSERT INTO bid_task (bidder_email, task_id, bid_amount, bid_time, is_winner) VALUES ('jstaining2@shareasale.com', 150, '$14.00', '2017-05-10 00:51:20+08', false);
INSERT INTO bid_task (bidder_email, task_id, bid_amount, bid_time, is_winner) VALUES ('mspeake6@feedburner.com', 151, '$66.00', '2017-09-08 04:42:44+08', false);
INSERT INTO bid_task (bidder_email, task_id, bid_amount, bid_time, is_winner) VALUES ('rtunnah7@smh.com.au', 151, '$59.00', '2017-05-08 00:35:49+08', false);
INSERT INTO bid_task (bidder_email, task_id, bid_amount, bid_time, is_winner) VALUES ('koxenden4@sourceforge.net', 151, '$40.00', '2017-01-09 22:00:33+08', false);
INSERT INTO bid_task (bidder_email, task_id, bid_amount, bid_time, is_winner) VALUES ('fvelez9@rediff.com', 151, '$51.00', '2017-03-22 04:35:31+08', false);
INSERT INTO bid_task (bidder_email, task_id, bid_amount, bid_time, is_winner) VALUES ('dgaskin8@tmall.com', 151, '$24.00', '2017-06-09 13:10:45+08', true);
INSERT INTO bid_task (bidder_email, task_id, bid_amount, bid_time, is_winner) VALUES ('mspeake6@feedburner.com', 152, '$69.00', '2017-08-09 19:00:24+08', false);
INSERT INTO bid_task (bidder_email, task_id, bid_amount, bid_time, is_winner) VALUES ('asancraft5@hubpages.com', 152, '$42.00', '2016-11-02 19:37:50+08', false);
INSERT INTO bid_task (bidder_email, task_id, bid_amount, bid_time, is_winner) VALUES ('kbuchan1@hugedomains.com', 152, '$20.00', '2017-01-04 23:52:42+08', false);
INSERT INTO bid_task (bidder_email, task_id, bid_amount, bid_time, is_winner) VALUES ('rtunnah7@smh.com.au', 152, '$72.00', '2016-11-23 09:20:02+08', false);
INSERT INTO bid_task (bidder_email, task_id, bid_amount, bid_time, is_winner) VALUES ('koxenden4@sourceforge.net', 152, '$7.00', '2016-11-02 09:22:03+08', true);
INSERT INTO bid_task (bidder_email, task_id, bid_amount, bid_time, is_winner) VALUES ('dgaskin8@tmall.com', 153, '$56.00', '2017-03-08 06:14:57+08', false);
INSERT INTO bid_task (bidder_email, task_id, bid_amount, bid_time, is_winner) VALUES ('fvelez9@rediff.com', 153, '$12.00', '2017-10-08 01:19:52+08', false);
INSERT INTO bid_task (bidder_email, task_id, bid_amount, bid_time, is_winner) VALUES ('mspeake6@feedburner.com', 153, '$53.00', '2016-11-25 11:05:17+08', false);
INSERT INTO bid_task (bidder_email, task_id, bid_amount, bid_time, is_winner) VALUES ('koxenden4@sourceforge.net', 153, '$26.00', '2017-03-12 17:01:35+08', false);
INSERT INTO bid_task (bidder_email, task_id, bid_amount, bid_time, is_winner) VALUES ('rtunnah7@smh.com.au', 154, '$92.00', '2016-12-31 18:49:39+08', false);
INSERT INTO bid_task (bidder_email, task_id, bid_amount, bid_time, is_winner) VALUES ('jstaining2@shareasale.com', 154, '$86.00', '2016-11-14 07:06:28+08', false);
INSERT INTO bid_task (bidder_email, task_id, bid_amount, bid_time, is_winner) VALUES ('nadamolli3@feedburner.com', 154, '$88.00', '2017-03-23 12:47:59+08', false);
INSERT INTO bid_task (bidder_email, task_id, bid_amount, bid_time, is_winner) VALUES ('dgaskin8@tmall.com', 154, '$6.00', '2017-09-10 18:01:56+08', false);
INSERT INTO bid_task (bidder_email, task_id, bid_amount, bid_time, is_winner) VALUES ('kbuchan1@hugedomains.com', 11, '$34.00', '2017-06-19 16:35:07+08', true);
INSERT INTO bid_task (bidder_email, task_id, bid_amount, bid_time, is_winner) VALUES ('kbuchan1@hugedomains.com', 13, '$34.00', '2017-11-01 16:35:07+08', true);
INSERT INTO bid_task (bidder_email, task_id, bid_amount, bid_time, is_winner) VALUES ('mspeake6@feedburner.com', 146, '$91.00', '2017-06-29 09:05:33+08', true);
INSERT INTO bid_task (bidder_email, task_id, bid_amount, bid_time, is_winner) VALUES ('kbuchan1@hugedomains.com', 34, '$50.00', '2017-11-05 13:25:29.060425+08', false);
INSERT INTO bid_task (bidder_email, task_id, bid_amount, bid_time, is_winner) VALUES ('kbuchan1@hugedomains.com', 39, '$60.00', '2017-11-05 13:26:06.135712+08', false);
INSERT INTO bid_task (bidder_email, task_id, bid_amount, bid_time, is_winner) VALUES ('kbuchan1@hugedomains.com', 90, '$60.00', '2017-11-05 13:26:12.282046+08', false);
INSERT INTO bid_task (bidder_email, task_id, bid_amount, bid_time, is_winner) VALUES ('kbuchan1@hugedomains.com', 54, '$60.00', '2017-11-05 13:26:22.352211+08', false);
INSERT INTO bid_task (bidder_email, task_id, bid_amount, bid_time, is_winner) VALUES ('kbuchan1@hugedomains.com', 88, '$20.00', '2017-11-05 13:26:31.321238+08', false);
INSERT INTO bid_task (bidder_email, task_id, bid_amount, bid_time, is_winner) VALUES ('kbuchan1@hugedomains.com', 73, '$60.00', '2017-11-05 13:26:34.939851+08', false);
INSERT INTO bid_task (bidder_email, task_id, bid_amount, bid_time, is_winner) VALUES ('kbuchan1@hugedomains.com', 95, '$20.00', '2017-11-05 13:26:38.711136+08', false);
INSERT INTO bid_task (bidder_email, task_id, bid_amount, bid_time, is_winner) VALUES ('kbuchan1@hugedomains.com', 57, '$30.00', '2017-11-05 13:27:07.756361+08', false);
INSERT INTO bid_task (bidder_email, task_id, bid_amount, bid_time, is_winner) VALUES ('kbuchan1@hugedomains.com', 175, '$60.00', '2017-11-05 13:27:31.714521+08', false);
INSERT INTO bid_task (bidder_email, task_id, bid_amount, bid_time, is_winner) VALUES ('kbuchan1@hugedomains.com', 184, '$60.00', '2017-11-05 13:27:34.599529+08', false);
INSERT INTO bid_task (bidder_email, task_id, bid_amount, bid_time, is_winner) VALUES ('kbuchan1@hugedomains.com', 179, '$20.00', '2017-11-05 13:27:39.807501+08', false);
INSERT INTO bid_task (bidder_email, task_id, bid_amount, bid_time, is_winner) VALUES ('kbuchan1@hugedomains.com', 212, '$2.00', '2017-11-05 13:27:49.443454+08', false);
INSERT INTO bid_task (bidder_email, task_id, bid_amount, bid_time, is_winner) VALUES ('kbuchan1@hugedomains.com', 182, '$20.00', '2017-11-05 13:27:53.815948+08', false);
INSERT INTO bid_task (bidder_email, task_id, bid_amount, bid_time, is_winner) VALUES ('kbuchan1@hugedomains.com', 173, '$60.00', '2017-11-05 13:27:56.97181+08', false);
INSERT INTO bid_task (bidder_email, task_id, bid_amount, bid_time, is_winner) VALUES ('kbuchan1@hugedomains.com', 202, '$6.00', '2017-11-05 13:28:04.865961+08', false);
INSERT INTO bid_task (bidder_email, task_id, bid_amount, bid_time, is_winner) VALUES ('kbuchan1@hugedomains.com', 209, '$30.00', '2017-11-05 13:28:11.613334+08', false);
INSERT INTO bid_task (bidder_email, task_id, bid_amount, bid_time, is_winner) VALUES ('kbuchan1@hugedomains.com', 201, '$10.00', '2017-11-05 13:28:25.496567+08', false);
INSERT INTO bid_task (bidder_email, task_id, bid_amount, bid_time, is_winner) VALUES ('kbuchan1@hugedomains.com', 180, '$10.00', '2017-11-05 13:28:31.920935+08', false);
INSERT INTO bid_task (bidder_email, task_id, bid_amount, bid_time, is_winner) VALUES ('kbuchan1@hugedomains.com', 203, '$20.00', '2017-11-05 13:28:42.194868+08', false);
INSERT INTO bid_task (bidder_email, task_id, bid_amount, bid_time, is_winner) VALUES ('kbuchan1@hugedomains.com', 174, '$1.00', '2017-11-05 13:28:46.626403+08', false);
INSERT INTO bid_task (bidder_email, task_id, bid_amount, bid_time, is_winner) VALUES ('kbuchan1@hugedomains.com', 186, '$20.00', '2017-11-05 13:28:56.839061+08', false);
INSERT INTO bid_task (bidder_email, task_id, bid_amount, bid_time, is_winner) VALUES ('kbuchan1@hugedomains.com', 176, '$30.00', '2017-11-05 13:29:02.140323+08', false);
INSERT INTO bid_task (bidder_email, task_id, bid_amount, bid_time, is_winner) VALUES ('kbuchan1@hugedomains.com', 206, '$20.00', '2017-11-05 13:29:11.492327+08', false);
INSERT INTO bid_task (bidder_email, task_id, bid_amount, bid_time, is_winner) VALUES ('kbuchan1@hugedomains.com', 208, '$60.00', '2017-11-05 13:29:15.356938+08', false);
INSERT INTO bid_task (bidder_email, task_id, bid_amount, bid_time, is_winner) VALUES ('kbuchan1@hugedomains.com', 211, '$60.00', '2017-11-05 13:29:23.981752+08', false);
INSERT INTO bid_task (bidder_email, task_id, bid_amount, bid_time, is_winner) VALUES ('kbuchan1@hugedomains.com', 183, '$20.00', '2017-11-05 13:29:26.908379+08', false);
INSERT INTO bid_task (bidder_email, task_id, bid_amount, bid_time, is_winner) VALUES ('kbuchan1@hugedomains.com', 205, '$50.00', '2017-11-05 13:29:31.39515+08', false);
INSERT INTO bid_task (bidder_email, task_id, bid_amount, bid_time, is_winner) VALUES ('kbuchan1@hugedomains.com', 181, '$70.00', '2017-11-05 13:29:34.699237+08', false);
INSERT INTO bid_task (bidder_email, task_id, bid_amount, bid_time, is_winner) VALUES ('kbuchan1@hugedomains.com', 177, '$10.00', '2017-11-05 13:29:42.236217+08', false);
INSERT INTO bid_task (bidder_email, task_id, bid_amount, bid_time, is_winner) VALUES ('kbuchan1@hugedomains.com', 204, '$90.00', '2017-11-05 13:29:45.399812+08', false);
INSERT INTO bid_task (bidder_email, task_id, bid_amount, bid_time, is_winner) VALUES ('kbuchan1@hugedomains.com', 210, '$10.00', '2017-11-05 13:29:48.20622+08', false);
INSERT INTO bid_task (bidder_email, task_id, bid_amount, bid_time, is_winner) VALUES ('kbuchan1@hugedomains.com', 217, '$50.00', '2017-11-05 13:30:12.331757+08', false);
INSERT INTO bid_task (bidder_email, task_id, bid_amount, bid_time, is_winner) VALUES ('kbuchan1@hugedomains.com', 216, '$30.00', '2017-11-05 13:30:15.757335+08', false);
INSERT INTO bid_task (bidder_email, task_id, bid_amount, bid_time, is_winner) VALUES ('kbuchan1@hugedomains.com', 215, '$60.00', '2017-11-05 13:30:18.810038+08', false);
INSERT INTO bid_task (bidder_email, task_id, bid_amount, bid_time, is_winner) VALUES ('kbuchan1@hugedomains.com', 213, '$10.00', '2017-11-05 13:30:21.928487+08', false);
INSERT INTO bid_task (bidder_email, task_id, bid_amount, bid_time, is_winner) VALUES ('kbuchan1@hugedomains.com', 199, '$5.00', '2017-11-05 13:30:25.512323+08', false);
INSERT INTO bid_task (bidder_email, task_id, bid_amount, bid_time, is_winner) VALUES ('kbuchan1@hugedomains.com', 198, '$20.00', '2017-11-05 13:30:28.617149+08', false);
INSERT INTO bid_task (bidder_email, task_id, bid_amount, bid_time, is_winner) VALUES ('kbuchan1@hugedomains.com', 195, '$40.00', '2017-11-05 13:30:41.724138+08', false);
INSERT INTO bid_task (bidder_email, task_id, bid_amount, bid_time, is_winner) VALUES ('kbuchan1@hugedomains.com', 193, '$50.00', '2017-11-05 13:30:45.528615+08', false);
INSERT INTO bid_task (bidder_email, task_id, bid_amount, bid_time, is_winner) VALUES ('kbuchan1@hugedomains.com', 192, '$50.00', '2017-11-05 13:30:48.790942+08', false);
INSERT INTO bid_task (bidder_email, task_id, bid_amount, bid_time, is_winner) VALUES ('kbuchan1@hugedomains.com', 191, '$50.00', '2017-11-05 13:30:51.622582+08', false);
INSERT INTO bid_task (bidder_email, task_id, bid_amount, bid_time, is_winner) VALUES ('kbuchan1@hugedomains.com', 188, '$20.00', '2017-11-05 13:30:54.274948+08', false);
INSERT INTO bid_task (bidder_email, task_id, bid_amount, bid_time, is_winner) VALUES ('kbuchan1@hugedomains.com', 172, '$40.00', '2017-11-05 13:30:57.326448+08', false);
INSERT INTO bid_task (bidder_email, task_id, bid_amount, bid_time, is_winner) VALUES ('kbuchan1@hugedomains.com', 171, '$10.00', '2017-11-05 13:31:04.695001+08', false);
INSERT INTO bid_task (bidder_email, task_id, bid_amount, bid_time, is_winner) VALUES ('kbuchan1@hugedomains.com', 170, '$50.00', '2017-11-05 13:31:08.047691+08', false);
INSERT INTO bid_task (bidder_email, task_id, bid_amount, bid_time, is_winner) VALUES ('kbuchan1@hugedomains.com', 169, '$50.00', '2017-11-05 13:31:10.924638+08', false);
INSERT INTO bid_task (bidder_email, task_id, bid_amount, bid_time, is_winner) VALUES ('kbuchan1@hugedomains.com', 168, '$50.00', '2017-11-05 13:31:15.379961+08', false);
INSERT INTO bid_task (bidder_email, task_id, bid_amount, bid_time, is_winner) VALUES ('jstaining2@shareasale.com', 42, '$50.00', '2017-11-05 13:34:38.863849+08', false);
INSERT INTO bid_task (bidder_email, task_id, bid_amount, bid_time, is_winner) VALUES ('asancraft5@hubpages.com', 147, '$12.00', '2017-11-05 16:26:12.970724+08', false);
INSERT INTO bid_task (bidder_email, task_id, bid_amount, bid_time, is_winner) VALUES ('mspeake6@feedburner.com', 145, '$99.00', '2017-06-27 02:59:51+08', true);
INSERT INTO bid_task (bidder_email, task_id, bid_amount, bid_time, is_winner) VALUES ('asancraft5@hubpages.com', 153, '$68.00', '2017-04-29 23:08:18+08', true);
INSERT INTO bid_task (bidder_email, task_id, bid_amount, bid_time, is_winner) VALUES ('asancraft5@hubpages.com', 154, '$38.00', '2017-09-20 21:05:25+08', true);
INSERT INTO bid_task (bidder_email, task_id, bid_amount, bid_time, is_winner) VALUES ('jstaining2@shareasale.com', 54, '$30.00', '2017-11-05 13:34:50.82298+08', false);
INSERT INTO bid_task (bidder_email, task_id, bid_amount, bid_time, is_winner) VALUES ('jstaining2@shareasale.com', 88, '$30.00', '2017-11-05 13:35:09.9628+08', false);
INSERT INTO bid_task (bidder_email, task_id, bid_amount, bid_time, is_winner) VALUES ('jstaining2@shareasale.com', 95, '$12.00', '2017-11-05 13:35:20.863725+08', false);
INSERT INTO bid_task (bidder_email, task_id, bid_amount, bid_time, is_winner) VALUES ('jstaining2@shareasale.com', 57, '$50.00', '2017-11-05 13:35:29.327327+08', false);
INSERT INTO bid_task (bidder_email, task_id, bid_amount, bid_time, is_winner) VALUES ('jstaining2@shareasale.com', 97, '$40.00', '2017-11-05 13:35:32.854952+08', false);
INSERT INTO bid_task (bidder_email, task_id, bid_amount, bid_time, is_winner) VALUES ('jstaining2@shareasale.com', 67, '$30.00', '2017-11-05 13:35:51.47955+08', false);
INSERT INTO bid_task (bidder_email, task_id, bid_amount, bid_time, is_winner) VALUES ('jstaining2@shareasale.com', 91, '$30.00', '2017-11-05 13:36:01.927206+08', false);
INSERT INTO bid_task (bidder_email, task_id, bid_amount, bid_time, is_winner) VALUES ('jstaining2@shareasale.com', 167, '$50.00', '2017-11-05 13:36:36.706328+08', false);
INSERT INTO bid_task (bidder_email, task_id, bid_amount, bid_time, is_winner) VALUES ('jstaining2@shareasale.com', 188, '$30.00', '2017-11-05 13:36:42.245211+08', false);
INSERT INTO bid_task (bidder_email, task_id, bid_amount, bid_time, is_winner) VALUES ('jstaining2@shareasale.com', 191, '$50.00', '2017-11-05 13:36:47.506651+08', false);
INSERT INTO bid_task (bidder_email, task_id, bid_amount, bid_time, is_winner) VALUES ('jstaining2@shareasale.com', 195, '$40.00', '2017-11-05 13:36:50.892383+08', false);
INSERT INTO bid_task (bidder_email, task_id, bid_amount, bid_time, is_winner) VALUES ('jstaining2@shareasale.com', 197, '$1.00', '2017-11-05 13:36:54.181471+08', false);
INSERT INTO bid_task (bidder_email, task_id, bid_amount, bid_time, is_winner) VALUES ('jstaining2@shareasale.com', 216, '$50.00', '2017-11-05 13:36:57.768356+08', false);
INSERT INTO bid_task (bidder_email, task_id, bid_amount, bid_time, is_winner) VALUES ('jstaining2@shareasale.com', 217, '$50.00', '2017-11-05 13:43:38.115782+08', false);
INSERT INTO bid_task (bidder_email, task_id, bid_amount, bid_time, is_winner) VALUES ('jstaining2@shareasale.com', 155, '$20.00', '2017-11-05 13:43:40.974115+08', false);
INSERT INTO bid_task (bidder_email, task_id, bid_amount, bid_time, is_winner) VALUES ('jstaining2@shareasale.com', 185, '$1.00', '2017-11-05 13:43:48.429844+08', false);
INSERT INTO bid_task (bidder_email, task_id, bid_amount, bid_time, is_winner) VALUES ('jstaining2@shareasale.com', 210, '$12.00', '2017-11-05 13:43:52.126468+08', false);
INSERT INTO bid_task (bidder_email, task_id, bid_amount, bid_time, is_winner) VALUES ('jstaining2@shareasale.com', 181, '$50.00', '2017-11-05 13:44:04.79674+08', false);
INSERT INTO bid_task (bidder_email, task_id, bid_amount, bid_time, is_winner) VALUES ('jstaining2@shareasale.com', 205, '$50.00', '2017-11-05 13:44:10.381917+08', false);
INSERT INTO bid_task (bidder_email, task_id, bid_amount, bid_time, is_winner) VALUES ('jstaining2@shareasale.com', 211, '$90.00', '2017-11-05 13:44:14.055055+08', false);
INSERT INTO bid_task (bidder_email, task_id, bid_amount, bid_time, is_winner) VALUES ('jstaining2@shareasale.com', 206, '$20.00', '2017-11-05 13:44:18.432954+08', false);
INSERT INTO bid_task (bidder_email, task_id, bid_amount, bid_time, is_winner) VALUES ('jstaining2@shareasale.com', 186, '$50.00', '2017-11-05 13:44:38.090854+08', false);
INSERT INTO bid_task (bidder_email, task_id, bid_amount, bid_time, is_winner) VALUES ('jstaining2@shareasale.com', 203, '$50.00', '2017-11-05 13:44:43.242936+08', false);
INSERT INTO bid_task (bidder_email, task_id, bid_amount, bid_time, is_winner) VALUES ('jstaining2@shareasale.com', 161, '$50.00', '2017-11-05 13:44:46.378472+08', false);
INSERT INTO bid_task (bidder_email, task_id, bid_amount, bid_time, is_winner) VALUES ('jstaining2@shareasale.com', 201, '$10.00', '2017-11-05 13:44:49.414163+08', false);
INSERT INTO bid_task (bidder_email, task_id, bid_amount, bid_time, is_winner) VALUES ('jstaining2@shareasale.com', 158, '$20.00', '2017-11-05 13:44:52.933025+08', false);
INSERT INTO bid_task (bidder_email, task_id, bid_amount, bid_time, is_winner) VALUES ('jstaining2@shareasale.com', 182, '$20.00', '2017-11-05 13:44:55.977741+08', false);
INSERT INTO bid_task (bidder_email, task_id, bid_amount, bid_time, is_winner) VALUES ('jstaining2@shareasale.com', 184, '$50.00', '2017-11-05 13:45:04.286335+08', false);
INSERT INTO bid_task (bidder_email, task_id, bid_amount, bid_time, is_winner) VALUES ('koxenden4@sourceforge.net', 175, '$50.00', '2017-11-05 13:48:14.890658+08', false);
INSERT INTO bid_task (bidder_email, task_id, bid_amount, bid_time, is_winner) VALUES ('koxenden4@sourceforge.net', 173, '$50.00', '2017-11-05 13:48:19.598175+08', false);
INSERT INTO bid_task (bidder_email, task_id, bid_amount, bid_time, is_winner) VALUES ('koxenden4@sourceforge.net', 159, '$60.00', '2017-11-05 13:51:04.45925+08', false);
INSERT INTO bid_task (bidder_email, task_id, bid_amount, bid_time, is_winner) VALUES ('koxenden4@sourceforge.net', 201, '$10.00', '2017-11-05 13:51:09.130697+08', false);
INSERT INTO bid_task (bidder_email, task_id, bid_amount, bid_time, is_winner) VALUES ('koxenden4@sourceforge.net', 161, '$40.00', '2017-11-05 13:51:17.925494+08', false);
INSERT INTO bid_task (bidder_email, task_id, bid_amount, bid_time, is_winner) VALUES ('koxenden4@sourceforge.net', 203, '$30.00', '2017-11-05 13:51:22.016224+08', false);
INSERT INTO bid_task (bidder_email, task_id, bid_amount, bid_time, is_winner) VALUES ('koxenden4@sourceforge.net', 174, '$2.00', '2017-11-05 13:51:24.785518+08', false);
INSERT INTO bid_task (bidder_email, task_id, bid_amount, bid_time, is_winner) VALUES ('koxenden4@sourceforge.net', 156, '$100.00', '2017-11-05 13:51:28.634007+08', false);
INSERT INTO bid_task (bidder_email, task_id, bid_amount, bid_time, is_winner) VALUES ('koxenden4@sourceforge.net', 160, '$30.00', '2017-11-05 13:51:50.239785+08', false);
INSERT INTO bid_task (bidder_email, task_id, bid_amount, bid_time, is_winner) VALUES ('koxenden4@sourceforge.net', 176, '$20.00', '2017-11-05 13:51:53.337948+08', false);
INSERT INTO bid_task (bidder_email, task_id, bid_amount, bid_time, is_winner) VALUES ('koxenden4@sourceforge.net', 208, '$60.00', '2017-11-05 13:52:00.870925+08', false);
INSERT INTO bid_task (bidder_email, task_id, bid_amount, bid_time, is_winner) VALUES ('koxenden4@sourceforge.net', 205, '$30.00', '2017-11-05 13:52:05.586361+08', false);
INSERT INTO bid_task (bidder_email, task_id, bid_amount, bid_time, is_winner) VALUES ('koxenden4@sourceforge.net', 178, '$10.00', '2017-11-05 13:52:16.764465+08', false);
INSERT INTO bid_task (bidder_email, task_id, bid_amount, bid_time, is_winner) VALUES ('koxenden4@sourceforge.net', 155, '$20.00', '2017-11-05 13:52:19.606539+08', false);
INSERT INTO bid_task (bidder_email, task_id, bid_amount, bid_time, is_winner) VALUES ('koxenden4@sourceforge.net', 216, '$40.00', '2017-11-05 13:52:25.444493+08', false);
INSERT INTO bid_task (bidder_email, task_id, bid_amount, bid_time, is_winner) VALUES ('koxenden4@sourceforge.net', 170, '$40.00', '2017-11-05 13:52:54.74105+08', false);
INSERT INTO bid_task (bidder_email, task_id, bid_amount, bid_time, is_winner) VALUES ('koxenden4@sourceforge.net', 169, '$45.00', '2017-11-05 13:53:02.57241+08', false);
INSERT INTO bid_task (bidder_email, task_id, bid_amount, bid_time, is_winner) VALUES ('koxenden4@sourceforge.net', 167, '$40.00', '2017-11-05 13:53:05.958248+08', false);
INSERT INTO bid_task (bidder_email, task_id, bid_amount, bid_time, is_winner) VALUES ('koxenden4@sourceforge.net', 165, '$20.00', '2017-11-05 13:53:16.461548+08', false);
INSERT INTO bid_task (bidder_email, task_id, bid_amount, bid_time, is_winner) VALUES ('koxenden4@sourceforge.net', 164, '$60.00', '2017-11-05 13:53:19.933262+08', false);
INSERT INTO bid_task (bidder_email, task_id, bid_amount, bid_time, is_winner) VALUES ('koxenden4@sourceforge.net', 40, '$70.00', '2017-11-05 13:53:25.89293+08', false);
INSERT INTO bid_task (bidder_email, task_id, bid_amount, bid_time, is_winner) VALUES ('koxenden4@sourceforge.net', 150, '$94.00', '2017-08-21 23:48:52+08', true);
INSERT INTO bid_task (bidder_email, task_id, bid_amount, bid_time, is_winner) VALUES ('mspeake6@feedburner.com', 21, '$70.00', '2017-11-05 15:42:40.851846+08', false);
INSERT INTO bid_task (bidder_email, task_id, bid_amount, bid_time, is_winner) VALUES ('koxenden4@sourceforge.net', 16, '$20.00', '2017-11-05 13:59:35.66063+08', false);
INSERT INTO bid_task (bidder_email, task_id, bid_amount, bid_time, is_winner) VALUES ('koxenden4@sourceforge.net', 14, '$30.00', '2017-11-05 13:59:49.698602+08', false);
INSERT INTO bid_task (bidder_email, task_id, bid_amount, bid_time, is_winner) VALUES ('koxenden4@sourceforge.net', 26, '$30.00', '2017-11-05 13:59:54.026661+08', false);
INSERT INTO bid_task (bidder_email, task_id, bid_amount, bid_time, is_winner) VALUES ('koxenden4@sourceforge.net', 27, '$20.00', '2017-11-05 14:00:28.836792+08', false);
INSERT INTO bid_task (bidder_email, task_id, bid_amount, bid_time, is_winner) VALUES ('koxenden4@sourceforge.net', 28, '$40.00', '2017-11-05 15:37:30.143481+08', false);
INSERT INTO bid_task (bidder_email, task_id, bid_amount, bid_time, is_winner) VALUES ('koxenden4@sourceforge.net', 29, '$30.00', '2017-11-05 15:37:38.691972+08', false);
INSERT INTO bid_task (bidder_email, task_id, bid_amount, bid_time, is_winner) VALUES ('koxenden4@sourceforge.net', 24, '$60.00', '2017-11-05 15:37:43.103467+08', false);
INSERT INTO bid_task (bidder_email, task_id, bid_amount, bid_time, is_winner) VALUES ('koxenden4@sourceforge.net', 13, '$20.00', '2017-11-05 15:37:46.998674+08', false);
INSERT INTO bid_task (bidder_email, task_id, bid_amount, bid_time, is_winner) VALUES ('rtunnah7@smh.com.au', 96, '$50.00', '2017-11-05 16:08:34.00533+08', false);
INSERT INTO bid_task (bidder_email, task_id, bid_amount, bid_time, is_winner) VALUES ('koxenden4@sourceforge.net', 21, '$30.00', '2017-11-05 13:59:56.841097+08', true);
INSERT INTO bid_task (bidder_email, task_id, bid_amount, bid_time, is_winner) VALUES ('asancraft5@hubpages.com', 14, '$20.00', '2017-11-05 15:39:10.252328+08', false);
INSERT INTO bid_task (bidder_email, task_id, bid_amount, bid_time, is_winner) VALUES ('asancraft5@hubpages.com', 21, '$65.00', '2017-11-05 15:39:17.313278+08', false);
INSERT INTO bid_task (bidder_email, task_id, bid_amount, bid_time, is_winner) VALUES ('asancraft5@hubpages.com', 20, '$20.00', '2017-11-05 15:39:20.891568+08', false);
INSERT INTO bid_task (bidder_email, task_id, bid_amount, bid_time, is_winner) VALUES ('asancraft5@hubpages.com', 27, '$21.00', '2017-11-05 15:39:25.700433+08', false);
INSERT INTO bid_task (bidder_email, task_id, bid_amount, bid_time, is_winner) VALUES ('asancraft5@hubpages.com', 24, '$40.00', '2017-11-05 15:40:00.123319+08', false);
INSERT INTO bid_task (bidder_email, task_id, bid_amount, bid_time, is_winner) VALUES ('asancraft5@hubpages.com', 13, '$40.00', '2017-11-05 15:40:07.911496+08', false);
INSERT INTO bid_task (bidder_email, task_id, bid_amount, bid_time, is_winner) VALUES ('asancraft5@hubpages.com', 11, '$40.00', '2017-11-05 15:40:10.715142+08', false);
INSERT INTO bid_task (bidder_email, task_id, bid_amount, bid_time, is_winner) VALUES ('asancraft5@hubpages.com', 22, '$4.00', '2017-11-05 15:40:20.34125+08', false);
INSERT INTO bid_task (bidder_email, task_id, bid_amount, bid_time, is_winner) VALUES ('asancraft5@hubpages.com', 34, '$23.00', '2017-11-05 15:40:32.046168+08', false);
INSERT INTO bid_task (bidder_email, task_id, bid_amount, bid_time, is_winner) VALUES ('mspeake6@feedburner.com', 16, '$30.00', '2017-11-05 15:42:16.488038+08', false);
INSERT INTO bid_task (bidder_email, task_id, bid_amount, bid_time, is_winner) VALUES ('mspeake6@feedburner.com', 14, '$40.00', '2017-11-05 15:42:32.144366+08', false);
INSERT INTO bid_task (bidder_email, task_id, bid_amount, bid_time, is_winner) VALUES ('mspeake6@feedburner.com', 26, '$4.00', '2017-11-05 15:42:35.402475+08', false);
INSERT INTO bid_task (bidder_email, task_id, bid_amount, bid_time, is_winner) VALUES ('mspeake6@feedburner.com', 20, '$33.00', '2017-11-05 15:42:45.820609+08', false);
INSERT INTO bid_task (bidder_email, task_id, bid_amount, bid_time, is_winner) VALUES ('mspeake6@feedburner.com', 28, '$33.00', '2017-11-05 15:43:10.402588+08', false);
INSERT INTO bid_task (bidder_email, task_id, bid_amount, bid_time, is_winner) VALUES ('mspeake6@feedburner.com', 29, '$70.00', '2017-11-05 15:43:21.025861+08', false);
INSERT INTO bid_task (bidder_email, task_id, bid_amount, bid_time, is_winner) VALUES ('mspeake6@feedburner.com', 24, '$60.00', '2017-11-05 15:43:25.335972+08', false);
INSERT INTO bid_task (bidder_email, task_id, bid_amount, bid_time, is_winner) VALUES ('mspeake6@feedburner.com', 13, '$50.00', '2017-11-05 15:43:30.942181+08', false);
INSERT INTO bid_task (bidder_email, task_id, bid_amount, bid_time, is_winner) VALUES ('mspeake6@feedburner.com', 11, '$30.00', '2017-11-05 15:43:45.863559+08', false);
INSERT INTO bid_task (bidder_email, task_id, bid_amount, bid_time, is_winner) VALUES ('mspeake6@feedburner.com', 22, '$4.00', '2017-11-05 15:43:53.915815+08', false);
INSERT INTO bid_task (bidder_email, task_id, bid_amount, bid_time, is_winner) VALUES ('koxenden4@sourceforge.net', 22, '$3.00', '2017-11-05 15:38:04.501318+08', true);
INSERT INTO bid_task (bidder_email, task_id, bid_amount, bid_time, is_winner) VALUES ('koxenden4@sourceforge.net', 126, '$2.18', '2017-11-01 18:40:39+08', true);
INSERT INTO bid_task (bidder_email, task_id, bid_amount, bid_time, is_winner) VALUES ('rtunnah7@smh.com.au', 104, '$20.00', '2017-11-05 16:08:41.56247+08', false);
INSERT INTO bid_task (bidder_email, task_id, bid_amount, bid_time, is_winner) VALUES ('kbuchan1@hugedomains.com', 103, '$60.00', '2017-11-05 16:10:52.591259+08', false);
INSERT INTO bid_task (bidder_email, task_id, bid_amount, bid_time, is_winner) VALUES ('kbuchan1@hugedomains.com', 96, '$50.00', '2017-11-05 16:11:17.023198+08', false);
INSERT INTO bid_task (bidder_email, task_id, bid_amount, bid_time, is_winner) VALUES ('kbuchan1@hugedomains.com', 107, '$30.00', '2017-11-05 16:18:47.489118+08', false);
INSERT INTO bid_task (bidder_email, task_id, bid_amount, bid_time, is_winner) VALUES ('jstaining2@shareasale.com', 106, '$80.00', '2017-11-05 16:19:39.308379+08', false);
INSERT INTO bid_task (bidder_email, task_id, bid_amount, bid_time, is_winner) VALUES ('jstaining2@shareasale.com', 116, '$50.00', '2017-11-05 16:19:42.447473+08', false);
INSERT INTO bid_task (bidder_email, task_id, bid_amount, bid_time, is_winner) VALUES ('jstaining2@shareasale.com', 78, '$45.00', '2017-11-05 16:19:48.027585+08', false);
INSERT INTO bid_task (bidder_email, task_id, bid_amount, bid_time, is_winner) VALUES ('koxenden4@sourceforge.net', 11, '$80.00', '2017-11-05 16:23:43.981826+08', false);
INSERT INTO bid_task (bidder_email, task_id, bid_amount, bid_time, is_winner) VALUES ('kbuchan1@hugedomains.com', 78, '$30.00', '2017-11-05 16:18:51.109923+08', true);
INSERT INTO bid_task (bidder_email, task_id, bid_amount, bid_time, is_winner) VALUES ('asancraft5@hubpages.com', 28, '$30.00', '2017-11-05 15:39:46.206276+08', true);
INSERT INTO bid_task (bidder_email, task_id, bid_amount, bid_time, is_winner) VALUES ('asancraft5@hubpages.com', 29, '$40.00', '2017-11-05 15:39:51.103617+08', true);
INSERT INTO bid_task (bidder_email, task_id, bid_amount, bid_time, is_winner) VALUES ('koxenden4@sourceforge.net', 20, '$30.00', '2017-11-05 13:59:59.559176+08', true);
INSERT INTO bid_task (bidder_email, task_id, bid_amount, bid_time, is_winner) VALUES ('kbuchan1@hugedomains.com', 70, '$50.00', '2017-11-05 16:11:52.459812+08', true);
INSERT INTO bid_task (bidder_email, task_id, bid_amount, bid_time, is_winner) VALUES ('jstaining2@shareasale.com', 41, '$90.00', '2017-11-05 16:19:57.797893+08', false);
INSERT INTO bid_task (bidder_email, task_id, bid_amount, bid_time, is_winner) VALUES ('jstaining2@shareasale.com', 99, '$80.00', '2017-11-05 16:20:15.360992+08', false);
INSERT INTO bid_task (bidder_email, task_id, bid_amount, bid_time, is_winner) VALUES ('jstaining2@shareasale.com', 86, '$57.00', '2017-11-05 16:20:18.132973+08', false);
INSERT INTO bid_task (bidder_email, task_id, bid_amount, bid_time, is_winner) VALUES ('jstaining2@shareasale.com', 113, '$40.00', '2017-11-05 16:20:21.718943+08', false);
INSERT INTO bid_task (bidder_email, task_id, bid_amount, bid_time, is_winner) VALUES ('jstaining2@shareasale.com', 48, '$2.00', '2017-11-05 16:20:29.958415+08', false);
INSERT INTO bid_task (bidder_email, task_id, bid_amount, bid_time, is_winner) VALUES ('jstaining2@shareasale.com', 55, '$30.00', '2017-11-05 16:20:34.768896+08', false);
INSERT INTO bid_task (bidder_email, task_id, bid_amount, bid_time, is_winner) VALUES ('jstaining2@shareasale.com', 31, '$30.00', '2017-11-05 16:20:39.865936+08', false);
INSERT INTO bid_task (bidder_email, task_id, bid_amount, bid_time, is_winner) VALUES ('jstaining2@shareasale.com', 151, '$50.00', '2017-11-05 16:21:04.352445+08', false);
INSERT INTO bid_task (bidder_email, task_id, bid_amount, bid_time, is_winner) VALUES ('jstaining2@shareasale.com', 87, '$50.00', '2017-11-05 16:21:09.868709+08', false);
INSERT INTO bid_task (bidder_email, task_id, bid_amount, bid_time, is_winner) VALUES ('jstaining2@shareasale.com', 118, '$30.00', '2017-11-05 16:21:21.894671+08', false);
INSERT INTO bid_task (bidder_email, task_id, bid_amount, bid_time, is_winner) VALUES ('jstaining2@shareasale.com', 32, '$30.00', '2017-11-05 16:21:24.53566+08', false);
INSERT INTO bid_task (bidder_email, task_id, bid_amount, bid_time, is_winner) VALUES ('jstaining2@shareasale.com', 64, '$30.00', '2017-11-05 16:21:29.620075+08', false);
INSERT INTO bid_task (bidder_email, task_id, bid_amount, bid_time, is_winner) VALUES ('jstaining2@shareasale.com', 98, '$90.00', '2017-11-05 16:21:32.793718+08', false);
INSERT INTO bid_task (bidder_email, task_id, bid_amount, bid_time, is_winner) VALUES ('jstaining2@shareasale.com', 38, '$70.00', '2017-11-05 16:21:36.029271+08', false);
INSERT INTO bid_task (bidder_email, task_id, bid_amount, bid_time, is_winner) VALUES ('koxenden4@sourceforge.net', 100, '$6.00', '2017-11-05 16:22:06.872415+08', false);
INSERT INTO bid_task (bidder_email, task_id, bid_amount, bid_time, is_winner) VALUES ('koxenden4@sourceforge.net', 77, '$43.00', '2017-11-05 16:22:10.031094+08', false);
INSERT INTO bid_task (bidder_email, task_id, bid_amount, bid_time, is_winner) VALUES ('koxenden4@sourceforge.net', 117, '$68.00', '2017-11-05 16:22:15.023855+08', false);
INSERT INTO bid_task (bidder_email, task_id, bid_amount, bid_time, is_winner) VALUES ('koxenden4@sourceforge.net', 83, '$85.00', '2017-11-05 16:22:21.109236+08', false);
INSERT INTO bid_task (bidder_email, task_id, bid_amount, bid_time, is_winner) VALUES ('koxenden4@sourceforge.net', 121, '$43.00', '2017-11-05 16:22:30.773531+08', false);
INSERT INTO bid_task (bidder_email, task_id, bid_amount, bid_time, is_winner) VALUES ('koxenden4@sourceforge.net', 93, '$1.00', '2017-11-05 16:22:36.378304+08', false);
INSERT INTO bid_task (bidder_email, task_id, bid_amount, bid_time, is_winner) VALUES ('koxenden4@sourceforge.net', 46, '$60.00', '2017-11-05 16:23:24.603073+08', false);
INSERT INTO bid_task (bidder_email, task_id, bid_amount, bid_time, is_winner) VALUES ('koxenden4@sourceforge.net', 120, '$3.00', '2017-11-05 16:23:27.174775+08', false);
INSERT INTO bid_task (bidder_email, task_id, bid_amount, bid_time, is_winner) VALUES ('koxenden4@sourceforge.net', 98, '$60.00', '2017-11-05 16:23:46.856272+08', false);
INSERT INTO bid_task (bidder_email, task_id, bid_amount, bid_time, is_winner) VALUES ('koxenden4@sourceforge.net', 33, '$63.00', '2017-11-05 16:23:54.105813+08', false);
INSERT INTO bid_task (bidder_email, task_id, bid_amount, bid_time, is_winner) VALUES ('koxenden4@sourceforge.net', 32, '$30.00', '2017-11-05 16:23:56.964068+08', false);
INSERT INTO bid_task (bidder_email, task_id, bid_amount, bid_time, is_winner) VALUES ('koxenden4@sourceforge.net', 118, '$20.00', '2017-11-05 16:24:00.122894+08', false);
INSERT INTO bid_task (bidder_email, task_id, bid_amount, bid_time, is_winner) VALUES ('koxenden4@sourceforge.net', 56, '$1.00', '2017-11-05 16:24:03.270273+08', false);
INSERT INTO bid_task (bidder_email, task_id, bid_amount, bid_time, is_winner) VALUES ('koxenden4@sourceforge.net', 87, '$30.00', '2017-11-05 16:24:13.17614+08', false);
INSERT INTO bid_task (bidder_email, task_id, bid_amount, bid_time, is_winner) VALUES ('koxenden4@sourceforge.net', 43, '$74.00', '2017-11-05 16:24:17.22904+08', false);
INSERT INTO bid_task (bidder_email, task_id, bid_amount, bid_time, is_winner) VALUES ('koxenden4@sourceforge.net', 50, '$50.00', '2017-11-05 16:24:20.045775+08', false);
INSERT INTO bid_task (bidder_email, task_id, bid_amount, bid_time, is_winner) VALUES ('koxenden4@sourceforge.net', 143, '$65.00', '2017-11-05 16:24:37.062699+08', false);
INSERT INTO bid_task (bidder_email, task_id, bid_amount, bid_time, is_winner) VALUES ('koxenden4@sourceforge.net', 99, '$60.00', '2017-11-05 16:24:51.125294+08', false);
INSERT INTO bid_task (bidder_email, task_id, bid_amount, bid_time, is_winner) VALUES ('koxenden4@sourceforge.net', 80, '$30.00', '2017-11-05 16:24:54.16434+08', false);
INSERT INTO bid_task (bidder_email, task_id, bid_amount, bid_time, is_winner) VALUES ('koxenden4@sourceforge.net', 41, '$14.00', '2017-11-05 16:24:57.105895+08', false);
INSERT INTO bid_task (bidder_email, task_id, bid_amount, bid_time, is_winner) VALUES ('asancraft5@hubpages.com', 99, '$80.00', '2017-11-05 16:25:35.904962+08', false);
INSERT INTO bid_task (bidder_email, task_id, bid_amount, bid_time, is_winner) VALUES ('asancraft5@hubpages.com', 48, '$3.00', '2017-11-05 16:25:40.305878+08', false);
INSERT INTO bid_task (bidder_email, task_id, bid_amount, bid_time, is_winner) VALUES ('asancraft5@hubpages.com', 82, '$36.00', '2017-11-05 16:26:04.58575+08', false);
INSERT INTO bid_task (bidder_email, task_id, bid_amount, bid_time, is_winner) VALUES ('asancraft5@hubpages.com', 125, '$40.00', '2017-11-05 16:26:08.426107+08', false);
INSERT INTO bid_task (bidder_email, task_id, bid_amount, bid_time, is_winner) VALUES ('asancraft5@hubpages.com', 134, '$23.00', '2017-11-05 16:26:16.729977+08', false);
INSERT INTO bid_task (bidder_email, task_id, bid_amount, bid_time, is_winner) VALUES ('mspeake6@feedburner.com', 107, '$40.00', '2017-11-05 16:26:51.998562+08', false);
INSERT INTO bid_task (bidder_email, task_id, bid_amount, bid_time, is_winner) VALUES ('mspeake6@feedburner.com', 51, '$40.00', '2017-11-05 16:26:57.778385+08', false);
INSERT INTO bid_task (bidder_email, task_id, bid_amount, bid_time, is_winner) VALUES ('mspeake6@feedburner.com', 79, '$1.00', '2017-11-05 16:27:11.579864+08', false);
INSERT INTO bid_task (bidder_email, task_id, bid_amount, bid_time, is_winner) VALUES ('mspeake6@feedburner.com', 55, '$20.00', '2017-11-05 16:27:14.811545+08', false);
INSERT INTO bid_task (bidder_email, task_id, bid_amount, bid_time, is_winner) VALUES ('mspeake6@feedburner.com', 118, '$30.00', '2017-11-05 16:27:38.483067+08', false);
INSERT INTO bid_task (bidder_email, task_id, bid_amount, bid_time, is_winner) VALUES ('mspeake6@feedburner.com', 98, '$40.00', '2017-11-05 16:27:42.181066+08', false);
INSERT INTO bid_task (bidder_email, task_id, bid_amount, bid_time, is_winner) VALUES ('jstaining2@shareasale.com', 125, '$30.00', '2017-11-05 16:20:47.87145+08', true);
INSERT INTO bid_task (bidder_email, task_id, bid_amount, bid_time, is_winner) VALUES ('mspeake6@feedburner.com', 31, '$30.00', '2017-11-05 16:27:20.695683+08', true);
INSERT INTO bid_task (bidder_email, task_id, bid_amount, bid_time, is_winner) VALUES ('jstaining2@shareasale.com', 51, '$70.00', '2017-11-05 16:20:08.37113+08', true);
INSERT INTO bid_task (bidder_email, task_id, bid_amount, bid_time, is_winner) VALUES ('koxenden4@sourceforge.net', 122, '$46.00', '2017-11-05 16:22:24.136656+08', true);
INSERT INTO bid_task (bidder_email, task_id, bid_amount, bid_time, is_winner) VALUES ('mspeake6@feedburner.com', 48, '$3.00', '2017-11-05 16:27:28.956037+08', true);
INSERT INTO bid_task (bidder_email, task_id, bid_amount, bid_time, is_winner) VALUES ('koxenden4@sourceforge.net', 58, '$30.00', '2017-11-05 16:23:30.866757+08', true);
INSERT INTO bid_task (bidder_email, task_id, bid_amount, bid_time, is_winner) VALUES ('koxenden4@sourceforge.net', 38, '$70.00', '2017-11-05 16:23:39.231465+08', true);
INSERT INTO bid_task (bidder_email, task_id, bid_amount, bid_time, is_winner) VALUES ('koxenden4@sourceforge.net', 79, '$2.00', '2017-11-05 16:24:40.136221+08', true);
INSERT INTO bid_task (bidder_email, task_id, bid_amount, bid_time, is_winner) VALUES ('mspeake6@feedburner.com', 113, '$40.00', '2017-11-05 16:27:01.264513+08', true);
INSERT INTO bid_task (bidder_email, task_id, bid_amount, bid_time, is_winner) VALUES ('jstaining2@shareasale.com', 123, '$40.00', '2017-11-05 16:20:05.025368+08', true);
INSERT INTO bid_task (bidder_email, task_id, bid_amount, bid_time, is_winner) VALUES ('koxenden4@sourceforge.net', 60, '$3.00', '2017-11-05 16:22:33.25435+08', true);
INSERT INTO bid_task (bidder_email, task_id, bid_amount, bid_time, is_winner) VALUES ('jstaining2@shareasale.com', 80, '$60.00', '2017-11-05 16:19:51.963365+08', true);
INSERT INTO bid_task (bidder_email, task_id, bid_amount, bid_time, is_winner) VALUES ('jstaining2@shareasale.com', 139, '$40.00', '2017-11-05 16:20:59.704579+08', true);
INSERT INTO bid_task (bidder_email, task_id, bid_amount, bid_time, is_winner) VALUES ('mspeake6@feedburner.com', 114, '$20.00', '2017-11-05 16:40:38.138298+08', false);
INSERT INTO bid_task (bidder_email, task_id, bid_amount, bid_time, is_winner) VALUES ('mspeake6@feedburner.com', 39, '$30.00', '2017-11-05 16:40:41.156603+08', false);
INSERT INTO bid_task (bidder_email, task_id, bid_amount, bid_time, is_winner) VALUES ('mspeake6@feedburner.com', 42, '$40.00', '2017-11-05 16:40:44.257493+08', false);
INSERT INTO bid_task (bidder_email, task_id, bid_amount, bid_time, is_winner) VALUES ('mspeake6@feedburner.com', 54, '$30.00', '2017-11-05 16:40:47.365982+08', false);
INSERT INTO bid_task (bidder_email, task_id, bid_amount, bid_time, is_winner) VALUES ('mspeake6@feedburner.com', 88, '$20.00', '2017-11-05 16:40:50.175048+08', false);

delete from task_ratings;
INSERT INTO task_ratings (task_id, user_email, rating, role) VALUES (104, 'nadamolli3@feedburner.com', 2, 'doer');
INSERT INTO task_ratings (task_id, user_email, rating, role) VALUES (6, 'jstaining2@shareasale.com', 4, 'doer');
INSERT INTO task_ratings (task_id, user_email, rating, role) VALUES (7, 'kceresa0@nyu.edu', 3, 'doer');
INSERT INTO task_ratings (task_id, user_email, rating, role) VALUES (8, 'nadamolli3@feedburner.com', 5, 'doer');
INSERT INTO task_ratings (task_id, user_email, rating, role) VALUES (9, 'nadamolli3@feedburner.com', 3, 'doer');
INSERT INTO task_ratings (task_id, user_email, rating, role) VALUES (10, 'asancraft5@hubpages.com', 2, 'doer');
INSERT INTO task_ratings (task_id, user_email, rating, role) VALUES (6, 'asancraft5@hubpages.com', 5, 'tasker');
INSERT INTO task_ratings (task_id, user_email, rating, role) VALUES (7, 'mspeake6@feedburner.com', 4, 'tasker');
INSERT INTO task_ratings (task_id, user_email, rating, role) VALUES (8, 'rtunnah7@smh.com.au', 2, 'tasker');
INSERT INTO task_ratings (task_id, user_email, rating, role) VALUES (9, 'dgaskin8@tmall.com', 3, 'tasker');
INSERT INTO task_ratings (task_id, user_email, rating, role) VALUES (10, 'fvelez9@rediff.com', 2, 'tasker');
INSERT INTO task_ratings (task_id, user_email, rating, role) VALUES (104, 'kceresa0@nyu.edu', 4, 'tasker');
INSERT INTO task_ratings (task_id, user_email, rating, role) VALUES (151, 'dgaskin8@tmall.com', 5, 'doer');
INSERT INTO task_ratings (task_id, user_email, rating, role) VALUES (151, 'mspeake6@feedburner.com', 5, 'tasker');
INSERT INTO task_ratings (task_id, user_email, rating, role) VALUES (116, 'kbuchan1@hugedomains.com', 5, 'tasker');
INSERT INTO task_ratings (task_id, user_email, rating, role) VALUES (106, 'koxenden4@sourceforge.net', 4, 'doer');
INSERT INTO task_ratings (task_id, user_email, rating, role) VALUES (11, 'kbuchan1@hugedomains.com', 4, 'doer');
